GEOID,Asthma_prev,nearest_hw_dist_m,hw_count_5km
1400000US37003040200,10.1,4549.374560276976,1
1400000US37007920100,11.1,6415.426200409436,0
1400000US37005950200,10.3,3919.3527491779855,1
1400000US37013930200,10.2,7108.8887698468325,0
1400000US37001021400,9.5,8250.769727476856,0
1400000US37009970800,9.3,6732.787062622623,0
1400000US37001021201,10.8,3012.4998245575302,3
1400000US37007920600,11.0,10416.92684249664,0
1400000US37001021205,9.6,1259.5454627530146,7
1400000US37001021101,10.1,504.82614033874034,12
1400000US37001021207,10.1,1812.8577288851168,6
1400000US37009970400,9.4,4248.466569254405,2
1400000US37001022002,10.4,10164.112481249816,0
1400000US37001020602,8.5,1402.5188296066992,26
1400000US37007920300,9.4,4366.281131100932,1
1400000US37001021500,9.5,7867.594991812929,0
1400000US37009970500,9.5,2320.2770909955134,3
1400000US37005950100,10.1,8101.887494493178,0
1400000US37001021703,9.0,2590.933120950549,13
1400000US37001020100,10.4,119.14097400139929,27
1400000US37001020901,9.3,732.6487938003086,23
1400000US37011930400,8.9,8950.495166028311,0
1400000US37009970300,10.1,16613.844523888372,0
1400000US37001021702,10.2,1011.627735362882,19
1400000US37001021902,9.2,16150.810145503883,0
1400000US37013930400,10.7,1825.037736906023,7
1400000US37001021701,7.8,1558.472015657664,10
1400000US37001021803,9.8,9463.664120034144,0
1400000US37001020300,10.8,1042.12624065183,16
1400000US37005950300,9.7,11469.467703101847,0
1400000US37011930200,8.8,5909.414567367704,0
1400000US37003040300,9.7,5992.178138356946,0
1400000US37007920500,10.5,3959.622364857098,2
1400000US37003040600,9.1,2413.213603205383,1
1400000US37001020501,9.9,1199.799496242287,19
1400000US37003040700,9.3,1326.0157658056364,1
1400000US37007920200,10.7,994.5703090824068,1
1400000US37001020801,9.9,1257.6285096753093,25
1400000US37007920400,12.3,5717.908527186592,0
1400000US37009970700,8.7,5190.924915816047,0
1400000US37001021102,10.2,1471.8303001340028,8
1400000US37013930300,12.0,640.1900936146145,7
1400000US37001021801,9.1,5309.214830355068,0
1400000US37003040100,9.8,8401.386388961784,0
1400000US37009970200,9.8,14401.338756080078,0
1400000US37001021206,9.4,903.8859581164346,6
1400000US37001021300,10.0,10906.183350597534,0
1400000US37001021600,10.8,3942.1988076559087,6
1400000US37001020601,8.1,1065.5310542683667,27
1400000US37001022001,9.6,5209.415329994237,0
1400000US37001021000,12.3,871.8836710682518,18
1400000US37001021802,9.6,10845.88392482786,0
1400000US37011930302,10.1,12481.24543409998,0
1400000US37011930301,10.0,9715.055711499665,0
1400000US37001021901,9.5,5559.794611935943,0
1400000US37003040500,9.8,4065.371256660412,3
1400000US37001020400,11.8,2799.327835590877,11
1400000US37013930100,10.0,25805.545651237,0
1400000US37001020701,9.2,994.3943120446136,30
1400000US37003040400,10.2,7269.414873715186,0
1400000US37001021204,9.7,3273.3489860672066,3
1400000US37001020200,11.7,1255.182908996361,24
1400000US37001020802,12.3,582.8977219615722,26
1400000US37001020702,10.9,565.5211839474789,26
1400000US37001020502,11.2,1061.296340572851,14
1400000US37001020902,9.4,2854.254122125309,12
1400000US37011930100,10.1,15865.252688768338,0
1400000US37021002000,9.9,166.7789145639693,25
1400000US37063000900,11.8,642.8511544714705,22
1400000US37051001601,9.9,637.6564993677345,6
1400000US37025042200,8.9,1865.1228322951529,6
1400000US37027030100,11.3,1256.5136059956792,17
1400000US37037020600,10.0,4542.533757033576,1
1400000US37039930602,9.6,19948.21376063605,0
1400000US37045950500,10.6,1267.5024365095628,4
1400000US37063001301,11.8,218.3935890669877,23
1400000US37057060400,9.6,2498.994664534246,5
1400000US37045951300,9.4,1833.915119951769,7
1400000US37015960100,10.5,14974.01845007791,0
1400000US37021002603,10.4,9845.540525002752,0
1400000US37049961201,10.2,2064.338976271537,3
1400000US37035010501,8.3,661.2243620793627,25
1400000US37021000300,10.3,276.2782886721926,26
1400000US37023021201,9.9,5681.328615197486,0
1400000US37031970103,9.6,9203.23612377443,0
1400000US37051003403,10.5,3658.793199629473,2
1400000US37035011102,9.2,2322.1324670619997,13
1400000US37035010202,9.6,2126.24433287631,13
1400000US37051003314,10.5,2011.56094473566,3
1400000US37051002100,9.8,395.0598561555889,27
1400000US37047931200,10.5,3382.2778480498173,1
1400000US37063001604,8.0,3409.472479107848,4
1400000US37025042502,9.4,1655.0243434333297,20
1400000US37051001700,10.7,1993.2994163479057,18
1400000US37063002009,11.3,996.4483633247722,22
1400000US37031970504,8.6,2835.857720911886,3
1400000US37017950200,11.0,15024.376173207373,0
1400000US37051001604,10.2,2395.661113089205,7
1400000US37059080500,9.7,3782.751269100807,2
1400000US37051000701,8.4,1164.315806931372,29
1400000US37027030300,10.9,1146.9406311433945,15
1400000US37035011801,9.0,2264.7498686486138,1
1400000US37037020500,9.7,14064.594574649844,0
1400000US37021002203,9.6,1064.250322936099,17
1400000US37019020505,10.4,10173.22271438848,0
1400000US37051003205,9.8,3207.573355101259,4
1400000US37063002015,9.6,383.43581341095626,18
1400000US37057061400,12.5,359.43830966706383,8
1400000US37051003311,10.5,1316.1955632945824,9
1400000US37023020802,9.9,2851.319311681228,5
1400000US37021002900,9.4,3977.141162402502,1
1400000US37035010302,8.7,3693.2097612069774,5
1400000US37035010401,9.7,1858.0872710123335,20
1400000US37049961001,8.3,10397.621317063333,0
1400000US37013930900,9.4,10403.232362609036,0
1400000US37037020800,8.8,3001.957219585014,1
1400000US37021001500,9.7,1319.3163616414693,18
1400000US37051003204,10.5,2744.068973041377,10
1400000US37013930501,9.8,3472.675490899751,1
1400000US37037020300,9.5,4531.8697235355,1
1400000US37055970300,8.8,3080.2396873207194,2
1400000US37057061300,10.4,1257.181090283949,9
1400000US37063001400,13.8,548.3103251145486,23
1400000US37057060201,9.6,3479.590691330733,1
1400000US37063001801,10.5,1393.8827775794102,4
1400000US37031970602,8.5,3486.8714155768766,1
1400000US37061090701,10.2,2875.073207582225,1
1400000US37063001809,9.4,1321.3844708807137,33
1400000US37019020508,8.2,4031.215402243592,1
1400000US37057060602,9.0,2087.433814795332,21
1400000US37063001601,9.0,2973.0562134192564,6
1400000US37023020201,10.1,13859.36563844976,0
1400000US37063001710,10.1,944.5220436583784,15
1400000US37025042401,8.9,1575.677831099477,11
1400000US37037020702,9.1,5977.876270505696,0
1400000US37021002804,8.7,5851.921808508326,0
1400000US37061090400,10.5,2290.3789546624944,2
1400000US37047930400,10.6,8055.732186909129,0
1400000US37017950600,11.7,17826.051125380138,0
1400000US37025041602,9.4,8892.858083713367,0
1400000US37027030900,10.5,12235.151433284174,0
1400000US37027031402,9.5,1690.9262219798295,2
1400000US37021002206,7.9,1114.7585140219032,10
1400000US37041930102,9.5,6199.150512384992,0
1400000US37057061100,9.8,2382.8427728654706,10
1400000US37025040600,9.3,7272.345351278137,0
1400000US37053110101,8.0,32919.23988085672,0
1400000US37051003309,9.3,2157.8508877435206,14
1400000US37051003104,10.4,1829.419993060569,4
1400000US37057060303,9.3,2907.261725470903,1
1400000US37027031300,9.7,4692.660572321002,1
1400000US37025041601,8.9,3957.542984388559,1
1400000US37021000800,8.4,1124.6501095655217,30
1400000US37031970304,9.8,1241.1011610465346,2
1400000US37063000200,9.6,766.2380127307657,26
1400000US37063002022,8.7,473.1065320044752,26
1400000US37021003203,9.0,3596.437346130133,1
1400000US37021000100,9.7,52.780173903582046,28
1400000US37057061703,10.3,1330.6260664185547,1
1400000US37051003304,9.6,317.00713994763214,13
1400000US37035011701,8.8,3014.3321827531117,7
1400000US37033930500,10.0,16274.532240075016,0
1400000US37051002504,9.8,3031.055995049873,3
1400000US37047930800,9.4,4979.527732457727,1
1400000US37045950200,10.9,4235.833464769616,1
1400000US37019020308,8.4,11714.560585041569,0
1400000US37061090502,10.4,4333.585493712334,1
1400000US37063002027,9.4,341.58154130914755,52
1400000US37055970602,8.8,1924.782742686132,3
1400000US37045951601,10.6,3155.561504617362,2
1400000US37035011000,11.2,607.6624815888069,30
1400000US37033930300,10.7,24359.712539197364,0
1400000US37019020305,8.7,2206.7403103176725,2
1400000US37031970703,9.2,4145.6640993655255,1
1400000US37025041502,8.7,4531.809418546671,2
1400000US37021001802,8.3,2330.874740169765,11
1400000US37013930600,8.5,7646.390399508459,0
1400000US37063002024,8.0,1233.0411985340236,22
1400000US37045950900,12.8,795.891454781608,12
1400000US37059080200,9.0,6451.571481915847,0
1400000US37031970804,8.5,6513.655130320129,0
1400000US37021003103,8.3,2092.273834792115,2
1400000US37043950100,9.0,21489.40449158275,0
1400000US37045950302,9.9,3438.898809041445,2
1400000US37021002503,9.2,1961.6608388252137,1
1400000US37019020303,8.8,7160.404955544832,0
1400000US37035011200,9.2,568.6175452662225,13
1400000US37061090501,9.7,6302.270767840036,0
1400000US37019020405,9.4,10000.492022184424,0
1400000US37049961301,9.5,2374.715214167354,2
1400000US37039930500,8.9,4763.641519694,1
1400000US37021002102,10.2,389.7793766904516,14
1400000US37047930200,11.2,9546.795323300496,0
1400000US37063000500,10.6,927.8985548019808,29
1400000US37051001901,10.7,1664.989972291953,7
1400000US37059080700,10.1,1623.0836260175672,1
1400000US37033930100,10.9,15052.49940861986,0
1400000US37037020106,8.6,11675.002892467815,0
1400000US37019020404,9.4,6353.355255033488,0
1400000US37035011401,9.7,1537.3461338407394,10
1400000US37051002600,9.6,8756.981124158225,0
1400000US37051001400,11.6,4252.926241170154,3
1400000US37063002300,10.0,594.7983040328676,25
1400000US37021002604,9.3,3857.814511567059,1
1400000US37025041200,8.9,5478.222087001354,0
1400000US37035010102,8.9,1537.263285782973,18
1400000US37021002401,10.0,7209.605841604412,0
1400000US37063002007,8.1,1484.3878587972167,15
1400000US37055970400,8.4,703.456687661945,2
1400000US37063002020,7.7,1709.1276919293807,14
1400000US37057061702,10.6,3434.8489374077644,1
1400000US37027030800,10.3,4018.523788727626,2
1400000US37019020101,11.2,2979.377188194312,1
1400000US37021003202,8.7,5191.139529687017,0
1400000US37063001709,12.0,473.9913324055417,18
1400000US37019020203,9.9,4999.238405795166,0
1400000US37029950101,9.6,9053.442224769931,0
1400000US37049960101,8.1,6387.960661765421,0
1400000US37051000702,8.5,941.8081893001925,29
1400000US37019020307,7.9,5043.856756868243,0
1400000US37047930100,10.6,5291.973160432258,0
1400000US37063000101,10.4,1335.5025696760144,25
1400000US37031970901,7.7,3479.9477057067093,1
1400000US37025042102,10.4,653.3280668216936,11
1400000US37025041902,11.2,414.2190939155362,15
1400000US37045951100,12.0,978.5635991096884,11
1400000US37045950101,10.6,14898.473510133044,0
1400000US37057062001,9.8,4334.718695524149,1
1400000US37051002800,9.5,8001.331663226004,0
1400000US37021001200,8.4,1451.3219390913482,14
1400000US37031970502,8.3,3009.0315446241807,5
1400000US37025041702,9.3,11374.771993277263,0
1400000US37063002100,8.6,7792.301839409805,0
1400000US37063001806,9.8,3564.265054104016,2
1400000US37025041302,8.2,3685.869947467502,1
1400000US37047931000,10.5,3602.8050418383523,1
1400000US37063001706,8.4,1371.7563187664753,10
1400000US37035011501,9.3,9285.575756874114,0
1400000US37051001903,11.0,1501.9185848561951,17
1400000US37025040900,9.7,1890.3173134015185,13
1400000US37037020402,10.3,2597.1318491605125,2
1400000US37021003205,9.2,10208.667920311202,0
1400000US37045951602,10.6,4185.855146548237,4
1400000US37057061201,10.6,2242.671532083831,4
1400000US37057060203,9.4,1009.356078921065,2
1400000US37051003800,12.3,227.94925657457637,16
1400000US37061090802,10.5,8757.670621489853,0
1400000US37025041501,8.5,2886.997644825104,8
1400000US37015960400,11.0,7943.25639659372,0
1400000US37045951000,10.4,1324.907247187142,12
1400000US37031970603,10.4,1597.0047730642634,3
1400000US37031970903,8.0,5331.955817831244,0
1400000US37049961002,9.4,7088.735956056616,0
1400000US37021001100,8.4,1601.2455426118906,21
1400000US37027030600,9.8,1720.7347831674265,13
1400000US37057061600,11.2,1432.6846862168882,11
1400000US37045950700,10.3,537.2020821998099,9
1400000US37053110200,9.1,5400.823815902166,0
1400000US37049960200,10.7,18796.17294825151,0
1400000US37021002701,8.2,1299.2288061186073,11
1400000US37049960500,10.5,3143.8998954321346,3
1400000US37021002702,8.5,230.42888191493245,7
1400000US37055970102,8.5,143.4605059286695,3
1400000US37033930600,9.7,23381.164660560687,0
1400000US37063002025,8.7,873.6443370280317,35
1400000US37053110102,9.6,23729.842667398607,0
1400000US37051003407,8.1,1693.0591422384116,8
1400000US37025041100,9.2,2863.844718185689,17
1400000US37045950601,10.0,1474.6198130645903,2
1400000US37031970403,8.1,731.1570603413536,3
1400000US37063001808,8.2,2191.0556068880624,10
1400000US37063000700,8.6,1373.1409799641938,27
1400000US37025040500,9.5,1871.067455497394,3
1400000US37049960800,12.6,1516.9403469257409,7
1400000US37063000302,8.3,708.8827670945186,29
1400000US37051003203,10.3,2128.157480772189,14
1400000US37021000400,10.1,372.9894020538844,24
1400000US37051002501,10.1,1605.7025824822194,3
1400000US37051000800,9.6,555.7420161863917,24
1400000US37035011601,9.7,6429.695581523971,0
1400000US37021000600,9.0,675.5928832252972,27
1400000US37023020302,9.6,4215.067543345318,1
1400000US37023021302,10.1,12137.866687618893,0
1400000US37051003408,10.0,1277.4739376287305,6
1400000US37055970502,9.4,48507.33554178838,0
1400000US37021002301,8.1,1637.5202793584174,8
1400000US37035010600,9.4,168.20723861989217,17
1400000US37023020600,10.6,1668.1806144527643,11
1400000US37019020201,9.3,1057.8402873597277,9
1400000US37021001700,8.3,4333.134918604282,4
1400000US37049961202,7.4,630.3836771106049,4
1400000US37051003600,10.8,1152.277774671041,5
1400000US37019020310,8.4,3873.561404633322,2
1400000US37047930600,10.9,15792.790103826916,0
1400000US37037020104,7.3,4875.91670704906,1
1400000US37051003002,10.8,6572.706875406056,0
1400000US37049960402,9.4,1112.533612413354,5
1400000US37021002606,9.3,5540.311792503466,0
1400000US37019020602,10.2,9359.117294429514,0
1400000US37053110402,9.9,15868.299389400046,0
1400000US37031970302,10.0,2450.424673568556,3
1400000US37025040703,10.9,830.3332013133756,12
1400000US37049960700,9.2,1035.3446826000843,6
1400000US37025042503,9.0,1324.8777459786504,13
1400000US37051003103,10.0,1684.4276598339716,4
1400000US37023021301,10.3,5245.219251192314,0
1400000US37057060500,10.2,3451.097386968826,1
1400000US37031970605,8.1,686.1897354084923,6
1400000US37039930200,10.3,123.40144426997436,1
1400000US37053110302,9.2,17275.07033863322,0
1400000US37049960900,10.7,356.8157609277117,6
1400000US37063001100,11.8,652.9726388433799,22
1400000US37035010900,11.9,707.8036014093931,33
1400000US37057061901,9.9,5829.391672582588,0
1400000US37051002200,10.3,794.4928741049873,14
1400000US37021001000,9.4,1506.610068442776,25
1400000US37051002900,10.3,13922.215453220984,0
1400000US37021003002,9.3,2581.8143976186,2
1400000US37057060601,9.8,4588.308991127004,4
1400000US37031970704,9.3,7348.652395634382,0
1400000US37015960200,11.8,14787.02937174319,0
1400000US37051000500,11.9,697.678234968769,20
1400000US37063001001,12.3,712.3609329181453,19
1400000US37049960404,8.4,6171.33776795622,0
1400000US37051003001,9.6,5027.964654551503,0
1400000US37017950400,10.9,1250.901918108755,6
1400000US37045951502,9.6,7698.648746962384,0
1400000US37057060102,8.7,2950.833257785409,1
1400000US37019020512,7.9,1900.016374369804,1
1400000US37031970805,9.5,12057.058779532046,0
1400000US37057060101,9.3,2524.790831681522,9
1400000US37051003401,9.8,2896.905894290161,6
1400000US37063001304,13.0,603.3265084886275,23
1400000US37023020202,9.6,2604.7957310233287,4
1400000US37051003302,11.2,1584.7187401492708,14
1400000US37023021100,9.6,2212.8548508661383,15
1400000US37021001400,9.9,662.0510298239783,23
1400000US37025042300,9.9,663.808880521659,13
1400000US37031970601,9.1,7868.4493121141395,0
1400000US37045951400,10.0,3478.817676545108,1
1400000US37035011101,9.2,2387.039984476106,11
1400000US37047930500,11.2,11738.270163802808,0
1400000US37021002506,10.7,2419.787822509757,8
1400000US37039930601,9.5,12845.650249267024,0
1400000US37059080300,8.7,567.8118466858182,2
1400000US37037020200,8.9,9157.948006025856,0
1400000US37057060302,9.1,1545.544993457445,2
1400000US37035010301,9.4,5003.532198498464,0
1400000US37013931000,10.3,8223.153720370638,0
1400000US37051003310,10.8,1731.1039754281503,11
1400000US37039930400,9.7,3036.524969746057,1
1400000US37061090300,11.6,2076.234664689842,1
1400000US37051002503,9.7,827.755847718746,4
1400000US37013930502,9.7,2174.8176735244456,1
1400000US37061090702,10.8,1004.651257512644,2
1400000US37059080100,9.6,5427.211281156525,0
1400000US37013930800,10.7,3606.7723809614617,1
1400000US37051003307,10.3,869.5367269462735,5
1400000US37023021203,10.4,12070.0797294382,0
1400000US37025042603,9.0,2289.26851875879,12
1400000US37051001800,10.1,799.8046676709606,24
1400000US37055970601,9.3,1168.6531902361453,3
1400000US37027030200,11.1,2397.248355333411,9
1400000US37019020304,7.9,5171.738641321869,0
1400000US37063002016,10.1,702.6440900764958,13
1400000US37031970503,9.1,1300.1045472872242,6
1400000US37019020603,10.5,1809.528338934093,1
1400000US37047931300,10.7,16458.179573059057,0
1400000US37019020507,8.3,765.5551737100807,1
1400000US37041930200,9.7,13484.979464998438,0
1400000US37031970401,10.1,1104.6952977442534,6
1400000US37019020506,9.5,4334.016623127741,1
1400000US37031970802,8.5,3395.1802593019465,1
1400000US37031970702,9.2,7155.415382429718,0
1400000US37025042601,8.4,1757.6736651592716,12
1400000US37021002204,7.8,1807.4616100248716,16
1400000US37027031401,9.8,3982.298860089895,3
1400000US37021000200,10.2,736.1683447481898,26
1400000US37063000401,7.9,1336.654320306552,26
1400000US37027030400,10.3,455.1151207807836,16
1400000US37025042000,10.4,1675.0621343041662,11
1400000US37023020801,9.5,4849.973444168837,1
1400000US37051003404,7.7,3679.7784971523456,2
1400000US37063000402,8.3,594.253967470756,25
1400000US37035010303,9.6,2757.832657025857,12
1400000US37031970701,10.0,5452.603036812188,0
1400000US37063002018,8.1,2330.4007095544384,14
1400000US37051001100,12.2,1946.1855759733385,11
1400000US37063001603,8.5,3040.714002222791,3
1400000US37057061803,9.7,563.2055040146208,12
1400000US37047930700,11.9,5825.787589173742,0
1400000US37019020103,9.0,2834.3745337264004,6
1400000US37031971101,8.4,2703.4545942151794,3
1400000US37059080600,9.3,1137.2314779180813,3
1400000US37021003001,9.1,2144.10879093907,2
1400000US37019020511,8.7,7173.289643292899,0
1400000US37021002607,9.3,2143.6693773685524,6
1400000US37057060202,10.4,3793.0455939978574,3
1400000US37025042402,10.2,957.8566637114432,18
1400000US37059080400,8.9,7788.62277611297,0
1400000US37051002402,11.1,3451.896886740876,13
1400000US37027031000,9.9,13225.67087706694,0
1400000US37019020403,10.2,4679.048187871515,1
1400000US37047931100,10.6,9337.416394495756,0
1400000US37021001900,9.2,986.784999206276,15
1400000US37063002028,8.4,421.9850115722184,48
1400000US37033930200,10.3,25475.874961411544,0
1400000US37021002205,8.6,2291.1501254038503,12
1400000US37035011602,9.7,7861.172114011054,0
1400000US37037020701,7.6,6149.351512863095,0
1400000US37051002002,10.2,808.6179514962208,24
1400000US37047930300,10.3,17519.665927282946,0
1400000US37063001303,12.7,541.9780989966756,22
1400000US37023020900,9.5,1426.5785794007893,4
1400000US37031970102,9.1,19809.752697252465,0
1400000US37021003104,8.8,6080.774892628218,0
1400000US37057060304,9.8,3052.8890557036493,4
1400000US37021002803,10.0,4489.056464808652,3
1400000US37051001000,12.3,1890.1742357401008,20
1400000US37057061802,9.5,5959.743192419072,0
1400000US37021002101,7.3,2726.183977168343,14
1400000US37057060800,11.7,441.8054438430848,12
1400000US37019020504,8.3,4010.043457883553,1
1400000US37063002023,8.7,1310.3243211909162,14
1400000US37033930400,10.2,17868.60578377564,0
1400000US37063002013,8.4,1295.7545645580158,32
1400000US37063002021,8.2,2001.331649902165,16
1400000US37031970301,9.5,2266.787391149496,1
1400000US37051003313,10.0,2087.792284317209,3
1400000US37057061000,10.3,1354.4811248186688,16
1400000US37017950300,11.0,14379.180349984514,0
1400000US37051003405,10.0,2859.3099168943986,3
1400000US37049961302,10.1,5499.197742201861,0
1400000US37019020309,8.6,8874.545074554753,0
1400000US37031970200,9.4,8587.555532210055,0
1400000US37035011802,10.1,7855.868479549978,0
1400000US37051001902,10.4,1405.403499589538,16
1400000US37045951503,9.8,2802.3255392043857,1
1400000US37057060700,10.9,1096.39628632606,16
1400000US37061090100,10.5,14828.370201709382,0
1400000US37045950102,10.4,9909.110690140307,0
1400000US37031971002,7.7,4187.465938600735,3
1400000US37061090600,10.7,11528.39317751849,0
1400000US37051003312,10.0,3772.679205262664,3
1400000US37025041901,11.0,211.9731323943124,19
1400000US37035011702,9.2,5453.8693984323945,0
1400000US37021002504,9.3,4351.645269193165,1
1400000US37021003204,9.0,9619.514148295471,0
1400000US37027031201,10.3,8960.538443233285,0
1400000US37025040701,10.3,2027.533846580103,8
1400000US37031970803,8.1,3902.869365195511,1
1400000US37051003201,9.0,2647.884706220571,4
1400000US37019020601,9.7,11285.076406691456,0
1400000US37023021202,10.0,4277.316637858709,1
1400000US37051001500,10.2,2179.046842855208,5
1400000US37023020100,10.8,5718.087118200507,0
1400000US37051002001,9.5,260.3202331725362,24
1400000US37025041503,8.7,3432.544326957564,4
1400000US37019020204,9.4,7834.882139645466,0
1400000US37061090801,10.9,11700.172006498264,0
1400000US37063001900,8.2,3001.4829864234434,1
1400000US37065020300,11.9,2065.019825768993,12
1400000US37051002700,9.6,14232.252527963288,0
1400000US37019020509,8.3,2308.714157671711,1
1400000US37019020306,8.5,3665.375445198972,2
1400000US37035011504,8.7,2446.262076460477,1
1400000US37049961303,9.9,11483.467601396724,0
1400000US37051001200,12.3,1812.9374620726712,10
1400000US37021003201,8.4,1397.5814756992245,11
1400000US37029950102,9.5,11155.330031456087,0
1400000US37063000102,9.8,999.3017658143726,28
1400000US37049960600,10.6,1748.6661453668878,6
1400000US37035011300,10.7,1029.664763651606,15
1400000US37023021400,10.5,656.8966935677025,16
1400000US37049961100,8.8,7754.435392723186,0
1400000US37063001002,12.7,1257.3461532644974,19
1400000US37045951501,10.0,4900.268090755467,1
1400000US37051003102,9.3,2133.2440021492653,2
1400000US37057060900,10.4,1593.3753130208283,14
1400000US37063001707,7.7,2132.314754007981,9
1400000US37051003305,10.6,1926.509954095975,9
1400000US37037020401,10.4,1633.2382112200464,2
1400000US37051980200,8.4,3304.961491905123,4
1400000US37027030500,9.2,1791.3721727350662,15
1400000US37057060301,9.2,4345.788906427725,1
1400000US37063002200,9.1,612.0223812590747,25
1400000US37031970604,7.8,833.7561741907685,6
1400000US37051000900,10.1,1317.703100031752,26
1400000US37027031100,10.1,8240.763217679074,0
1400000US37039930100,10.2,10398.469247360574,0
1400000US37021000900,11.7,924.9722758390374,31
1400000US37027031202,10.6,1570.7649312326134,5
1400000US37063000301,9.9,174.89166092296162,27
1400000US37065020200,13.0,3519.083724029759,12
1400000US37065020400,12.0,491.8060791973925,13
1400000US37025040800,10.5,951.088272041132,9
1400000US37031970501,9.9,953.0781529038732,6
1400000US37047930900,11.6,2278.534579591877,3
1400000US37021000700,9.8,369.046892450619,30
1400000US37035011503,8.8,7274.438824870382,0
1400000US37035010700,10.3,705.2741234801966,20
1400000US37057061701,9.5,1969.6361391422731,6
1400000US37063001708,10.6,1993.8563293596285,15
1400000US37021001801,8.9,1536.7263946742248,26
1400000US37013930700,9.1,19518.5728383954,0
1400000US37021001300,9.8,1611.4916089070475,12
1400000US37045950800,10.5,3052.165929600797,1
1400000US37031970101,9.2,30153.859715792583,0
1400000US37051003402,7.9,4963.015075679207,1
1400000US37021003102,9.0,5553.122370142364,0
1400000US37051003700,9.4,7065.856142235552,0
1400000US37031971001,8.3,8275.417077211754,0
1400000US37021002402,9.1,4846.699796440939,1
1400000US37027031403,11.3,1014.9321568899107,5
1400000US37023020500,9.3,1057.9527781550844,12
1400000US37055970200,8.8,3879.99588475644,1
1400000US37043950200,9.6,9763.448372557796,0
1400000US37025042101,12.5,1133.4709933973609,14
1400000US37053110301,9.1,15030.51727230605,0
1400000US37057061500,11.4,390.90676720712605,13
1400000US37025041303,8.0,1418.4706211493688,4
1400000US37019020202,8.7,8821.573414975508,0
1400000US37051003406,8.4,1800.0835454294042,5
1400000US37037020105,8.2,8392.876715855928,0
1400000US37031971102,8.4,2221.370059532313,4
1400000US37063002019,7.8,4651.972858395814,2
1400000US37051002502,10.0,1039.9141248115743,4
1400000US37021000500,7.9,1108.4870447600722,19
1400000US37035010402,10.3,1043.4028541853045,28
1400000US37053110401,9.3,24333.358390382236,0
1400000US37057061902,10.5,11485.538220853568,0
1400000US37025042604,8.9,795.6463919969609,8
1400000US37025041301,8.7,6966.784193015774,0
1400000US37051002300,11.7,1159.6524632944834,12
1400000US37025041701,9.0,13534.459489677864,0
1400000US37063001711,10.2,57.809560574714304,16
1400000US37027030700,10.2,342.592344202843,10
1400000US37045951200,10.5,2066.497678821326,10
1400000US37057062002,10.6,714.1474505341499,3
1400000US37023020301,10.0,1987.66928993898,2
1400000US37021002605,9.4,6344.950032533764,0
1400000US37055970101,7.9,2460.890221369138,1
1400000US37045950602,10.7,484.50774410036905,1
1400000US37051000600,9.6,1246.4168527840975,28
1400000US37019020102,9.2,3651.7987400544503,3
1400000US37063001802,11.6,1227.377702185995,14
1400000US37015960300,11.9,8950.834479449633,0
1400000US37019020510,9.0,938.027235038178,1
1400000US37031970902,8.1,115.2674135568662,1
1400000US37021002302,8.5,1732.770582676087,9
1400000US37031970801,9.2,7098.5181143630525,0
1400000US37045950400,10.2,299.5260880207383,5
1400000US37025040702,10.3,1420.0491473222728,8
1400000US37045950301,10.5,4679.174395636945,1
1400000US37035010201,9.3,6016.4173152445655,0
1400000US37017950500,10.2,16967.3627460516,0
1400000US37049960102,9.7,7619.612549323556,0
1400000US37049960403,7.9,2183.486864502452,3
1400000US37055970501,9.5,14364.534745213654,0
1400000US37035010101,9.1,4610.026261207674,1
1400000US37019020104,10.2,2508.762517688061,7
1400000US37063001503,9.9,381.7439690236485,26
1400000US37063002008,7.3,1977.6267765060368,16
1400000US37037020103,8.1,7790.508265155343,0
1400000US37039930300,9.5,14161.794967778622,0
1400000US37049960300,10.5,4981.026295974177,1
1400000US37049960401,8.8,3557.05158727903,1
1400000US37051001603,11.4,2283.349646005538,10
1400000US37063000600,9.0,1827.6190968526407,26
1400000US37063001807,10.3,1814.7621038761288,5
1400000US37063001502,9.9,425.2108465166513,21
1400000US37063001705,9.0,1247.5172701778342,24
1400000US37021002505,8.5,2642.479891568997,5
1400000US37063002017,7.8,2433.8668509602903,15
1400000US37025042504,8.3,1260.6301812902025,12
1400000US37023021000,10.0,4616.988656390539,2
1400000US37035010304,9.8,1212.402372361165,26
1400000US37021002703,8.7,6603.634059234084,0
1400000US37041930101,11.0,3320.2845498613938,2
1400000US37021001600,8.4,1754.113433845778,12
1400000US37025042501,8.8,97.84710913604025,17
1400000US37025041000,10.7,1192.085595432238,6
1400000US37017950100,10.6,17237.25893810734,0
1400000US37051000200,14.3,469.1449216694256,17
1400000US37051002401,13.3,2515.690324045369,12
1400000US37035010502,8.3,3552.6768551391283,3
1400000US37035011402,9.8,6727.907134956963,0
1400000US37057061202,9.6,3549.1119249708463,2
1400000US37057061804,9.9,6413.392281640716,0
1400000US37063002026,10.9,1080.1488656562713,27
1400000US37031970402,10.0,884.586866022354,4
1400000US37051003500,10.5,793.1865507811655,6
1400000US37061090200,10.8,8646.192611699378,0
1400000US37031970303,8.9,2356.6650060675165,4
1400000US37019020402,8.7,9567.097522605543,0
1400000US37063001501,10.9,358.1354943318944,26
1400000US37025042602,9.0,1597.1256185368811,8
1400000US37097060902,10.1,10097.929459713392,0
1400000US37067001400,11.9,307.4857811341732,30
1400000US37099950800,9.0,16115.543368006578,0
1400000US37081016407,8.4,1959.90519663292,26
1400000US37107011002,9.6,6110.053099743672,0
1400000US37067000802,13.1,173.72288240647927,38
1400000US37067002806,11.2,136.20380649413903,11
1400000US37081015705,9.4,1227.77211922537,16
1400000US37107010400,13.5,769.8341907853951,7
1400000US37071031102,10.0,216.70679768852065,13
1400000US37067000400,12.7,962.2945084061204,40
1400000US37067002809,8.8,1996.2445823588744,5
1400000US37081015703,8.7,2934.256667032396,19
1400000US37081014300,12.0,943.8929062482814,55
1400000US37091950300,11.3,10892.594157822186,0
1400000US37069060801,10.0,457.1764282759849,1
1400000US37081010702,12.3,299.1235666584233,61
1400000US37077970704,7.2,4500.130257148024,1
1400000US37089931901,8.5,1482.2629480010885,1
1400000US37109070202,8.8,4631.255200113372,2
1400000US37097061601,11.1,827.9767043994611,13
1400000US37081011904,10.9,2120.9505621223493,7
1400000US37087920500,9.5,7241.76002817889,0
1400000US37089930100,8.9,12771.788777573956,0
1400000US37081014408,11.9,751.5366449703318,45
1400000US37067003404,12.9,879.0760848626732,19
1400000US37085070500,10.1,3009.5949983170804,4
1400000US37081012503,8.7,884.2730029027022,27
1400000US37071032800,10.7,834.6071505696445,19
1400000US37071030101,9.0,5006.022001714504,0
1400000US37071030802,10.6,1595.5072685770874,7
1400000US37081012609,10.2,1251.827726958866,32
1400000US37067000302,12.4,825.1764756995645,40
1400000US37067003311,9.0,285.9738655100071,7
1400000US37077970102,9.9,10944.030571416562,0
1400000US37107010900,11.0,1691.8208898595317,2
1400000US37099950400,9.0,1330.0758078016754,2
1400000US37065021400,10.7,8985.948164036427,0
1400000US37081016409,8.5,1250.9660765683832,9
1400000US37109070201,9.5,922.7228491706464,8
1400000US37089931500,7.7,3058.1199058018383,4
1400000US37071032401,8.7,2752.337027007736,4
1400000US37097060300,12.1,1011.4641650834288,16
1400000US37085070401,9.9,5592.824630373299,0
1400000US37067003201,9.6,994.9364970757698,25
1400000US37067003703,9.3,860.3544828266653,4
1400000US37101041503,9.6,6478.769001360368,0
1400000US37081014407,9.2,605.1362944230843,23
1400000US37081012608,11.3,711.2445683421058,42
1400000US37081012510,7.9,1125.950468540035,23
1400000US37071030205,10.0,5997.123664960127,0
1400000US37081016102,9.6,877.5848472785755,54
1400000US37081010403,8.9,493.0409787628915,36
1400000US37071031003,9.2,781.5698398589043,9
1400000US37081016003,8.4,4062.75088131633,1
1400000US37071032301,9.5,1195.014140792449,5
1400000US37085070200,11.3,4134.533072194293,3
1400000US37097061303,8.8,344.2451144475487,7
1400000US37101041001,9.8,666.2532477367026,6
1400000US37093970300,11.1,295.2973869122487,3
1400000US37107011200,10.2,15917.007895826217,0
1400000US37071030502,9.6,6168.914666435846,0
1400000US37081016405,10.3,1085.6181771625909,57
1400000US37067002808,9.2,813.2459023606115,5
1400000US37067004007,8.3,3668.480302982955,1
1400000US37101040203,8.8,4495.196407031039,1
1400000US37081014409,9.6,1568.602615552216,15
1400000US37105030503,10.3,8046.342432233061,0
1400000US37097061204,8.3,4713.44761243508,1
1400000US37067000200,10.3,762.0501502456128,40
1400000US37067002801,9.0,1257.8382447146128,3
1400000US37071031701,10.0,5369.459904024135,0
1400000US37067003003,9.8,1836.975097392475,6
1400000US37071033500,9.9,2572.7128868387085,2
1400000US37067004015,8.8,630.5303663239781,3
1400000US37087920700,9.0,10401.143203153017,0
1400000US37067003309,10.5,1641.9933423495045,15
1400000US37105030102,8.3,974.987957153044,5
1400000US37081011000,14.6,611.5363642854454,41
1400000US37097061405,8.4,3302.214678392285,4
1400000US37067001100,9.5,983.4700106332256,38
1400000US37067003500,11.5,1537.0488501517134,13
1400000US37071030302,10.3,2943.636873627729,3
1400000US37083931000,10.5,13853.123029640949,0
1400000US37077970400,11.4,1174.680219218535,6
1400000US37097060603,10.9,1661.7650396018123,5
1400000US37081012804,11.5,453.52166339466135,31
1400000US37089930501,8.8,2850.2233153429006,9
1400000US37071031402,9.6,2144.667947551907,19
1400000US37071030402,9.7,4213.179795616726,5
1400000US37067004103,8.9,5296.210022181574,0
1400000US37081010300,10.4,818.8384493466788,36
1400000US37071033304,8.7,910.5506088614536,3
1400000US37081015500,10.8,1248.777997245852,6
1400000US37067002703,10.8,1270.5402183852357,28
1400000US37101041501,9.6,6204.026049431998,0
1400000US37105030300,12.0,1565.760357296735,10
1400000US37067002701,10.8,1049.3394305191837,18
1400000US37097061002,9.7,3273.91972481079,2
1400000US37081013601,12.2,440.93446298460594,32
1400000US37065020600,11.5,7021.193307161554,0
1400000US37081012611,10.8,1866.4775043286008,41
1400000US37081016410,9.5,1713.5315826700637,13
1400000US37097061104,9.4,3292.6277740261967,2
1400000US37065021100,10.5,2424.957950550158,4
1400000US37081016305,8.1,1375.3008484621146,11
1400000US37067002100,9.0,414.50660295139215,35
1400000US37081015200,9.6,3065.952376519837,1
1400000US37107011400,10.2,4997.6962295433,0
1400000US37087920200,9.7,1036.6011485128172,2
1400000US37089930401,9.1,2890.5799995273087,7
1400000US37071030203,9.5,4773.822680572049,1
1400000US37085070902,9.3,9373.347346191682,0
1400000US37081016505,9.1,2561.520604049905,31
1400000US37069060600,9.6,9757.328555740833,0
1400000US37067002501,7.8,1174.28611108594,42
1400000US37087921200,9.7,4514.326434083738,1
1400000US37097061502,8.9,431.1920392393741,5
1400000US37083930800,12.5,21128.986140896595,0
1400000US37107010100,11.4,5417.248668054648,0
1400000US37065020800,11.2,8515.905851038846,0
1400000US37067003904,8.8,1630.6592629225786,19
1400000US37089931100,9.4,584.8670751924984,9
1400000US37073970200,10.1,16484.20440958081,0
1400000US37101040201,10.0,8743.677627155625,0
1400000US37071031500,12.5,862.5112106222298,25
1400000US37077970601,9.7,6470.658163400455,0
1400000US37081012705,11.9,1352.7145704382976,26
1400000US37071030700,10.1,1776.453513617682,3
1400000US37097060901,9.5,13316.033698564255,0
1400000US37101040500,10.1,10775.248487331268,0
1400000US37071031201,9.1,1743.8389123179772,12
1400000US37097061203,8.8,3431.865517648217,3
1400000US37071032000,11.9,489.87562917457655,30
1400000US37097061304,8.8,1526.7174862056024,10
1400000US37067002502,7.8,1792.6095703029723,34
1400000US37079950102,9.4,9335.319871063806,0
1400000US37081010602,11.3,274.8411472902279,51
1400000US37085070700,10.2,2662.568094239541,3
1400000US37101041300,10.4,13642.6253193645,0
1400000US37073970300,10.3,10327.335346569374,0
1400000US37081012601,9.9,362.4871997506567,49
1400000US37083930100,12.3,1606.5483570868937,2
1400000US37081016007,8.6,938.9787306497826,18
1400000US37089931000,8.7,648.4634596322243,9
1400000US37081010500,8.4,738.7430139901326,51
1400000US37067003402,9.4,596.4348877583421,7
1400000US37075920200,9.7,5345.679111247005,0
1400000US37087920101,9.1,16241.370224255112,0
1400000US37081016005,8.1,3864.676956632263,5
1400000US37067004013,8.7,1739.69704816912,4
1400000US37105030501,8.4,4088.685284938106,6
1400000US37071030901,10.1,606.6664208896817,10
1400000US37069060302,11.7,1150.9288464740025,3
1400000US37071031704,10.2,4499.364228154987,1
1400000US37067002903,10.7,2671.499170298678,11
1400000US37097061102,9.3,2112.6059990095227,1
1400000US37097061403,9.1,1842.962243237144,7
1400000US37081010200,11.2,777.2624755660352,36
1400000US37089931700,8.1,1822.0263898932856,4
1400000US37081016103,9.7,827.8875208507338,47
1400000US37081012704,10.8,1092.7758697650847,19
1400000US37089932000,8.6,8984.865099349568,0
1400000US37105030702,9.5,5307.833529398324,0
1400000US37077970603,9.4,1805.5315285687025,6
1400000US37069060401,10.3,9693.81506180399,0
1400000US37081016011,9.8,377.5136224794983,58
1400000US37081016304,8.0,3202.201491388308,10
1400000US37101040302,10.4,2985.072563664869,3
1400000US37081017200,9.2,3287.592570494151,5
1400000US37065021600,10.5,15701.287818240702,0
1400000US37067003903,10.9,1342.8262593884274,29
1400000US37101040600,11.2,5778.018867683311,0
1400000US37071032702,8.8,1812.148116441136,13
1400000US37067002002,11.1,911.6500612748132,31
1400000US37077970300,11.1,3050.8049428773443,3
1400000US37095920100,10.2,55659.06184457575,0
1400000US37083930600,11.6,6326.553302731405,0
1400000US37081015901,8.8,1409.7909397418862,1
1400000US37071033203,10.7,1415.2776119590662,18
1400000US37081011601,10.2,256.9448601651074,55
1400000US37081014502,10.2,634.7617238060473,37
1400000US37075920300,10.7,8608.007954828267,0
1400000US37067002603,8.7,1695.015370971493,14
1400000US37097060200,13.5,1205.156860945264,10
1400000US37089930502,8.6,2331.2601885996364,5
1400000US37079950101,10.7,4663.781080182451,1
1400000US37081016502,8.5,1411.5906578407644,12
1400000US37101040800,9.7,2155.348534460385,4
1400000US37105030602,9.1,6327.757473813761,0
1400000US37087920900,9.8,704.7229862963005,3
1400000US37085070802,10.3,1025.9494092708328,1
1400000US37067004104,8.6,2921.726084870801,1
1400000US37081012508,8.9,540.5580996502973,38
1400000US37067001601,11.3,501.7443029770952,23
1400000US37097061402,8.5,3035.9734311089987,2
1400000US37071031004,9.3,1236.5831880670287,10
1400000US37081012707,13.0,611.2280785357973,28
1400000US37085071204,9.0,10922.626165769929,0
1400000US37103920300,10.7,17364.267378738376,0
1400000US37081010100,12.3,1023.3680300065788,28
1400000US37087921302,9.4,12489.850914851522,0
1400000US37067001901,12.3,544.1096941608184,32
1400000US37071031001,10.8,1521.3153614261264,4
1400000US37085071301,9.6,12167.604111483795,0
1400000US37069060200,9.8,16946.61765695512,0
1400000US37081016702,9.4,5784.606646400775,0
1400000US37081016203,7.9,3869.765931031355,10
1400000US37085071002,9.3,10592.109014157011,0
1400000US37067003004,9.2,608.7039398531775,13
1400000US37101040901,9.2,3384.2153453741234,1
1400000US37085071101,9.9,13223.61286251685,0
1400000US37081012617,10.6,652.2373452625372,40
1400000US37081014412,9.4,1732.8632213977974,21
1400000US37085071401,10.1,5677.270507413136,0
1400000US37081016204,7.8,1670.4658847697438,31
1400000US37107010300,15.9,1109.322795772727,7
1400000US37067003108,10.6,2697.9769155435606,13
1400000US37087921301,9.0,10661.280279367984,0
1400000US37089930703,8.9,3349.9832469937724,1
1400000US37081015707,8.9,3238.452784904359,11
1400000US37093970401,12.1,8954.506810153884,0
1400000US37081014410,9.9,904.9202319630024,16
1400000US37067003804,9.0,505.3774606416868,15
1400000US37067004102,9.7,5157.178871824585,0
1400000US37081012607,9.5,646.2270198003974,41
1400000US37077970101,10.3,16210.190742606608,0
1400000US37081014000,10.5,432.2089454983017,56
1400000US37081016600,9.7,846.897102582524,1
1400000US37071032505,9.7,778.1944738451774,15
1400000US37067003105,9.8,2836.162508486504,2
1400000US37085070904,9.3,8288.353167163319,0
1400000US37097060801,10.1,10603.9522923473,0
1400000US37067000700,12.6,204.29729175617211,39
1400000US37107010600,10.1,1365.0663438689537,7
1400000US37081010701,8.8,625.5385752571217,58
1400000US37081017000,9.1,7802.563137803047,0
1400000US37085071201,9.9,12851.440046276228,0
1400000US37071033307,9.7,5708.710312216542,0
1400000US37071031301,9.7,2702.6965616727084,9
1400000US37067003307,9.0,492.102266450947,24
1400000US37067001300,10.6,472.4346703112215,36
1400000US37081012509,7.8,1444.7745003262658,45
1400000US37101041101,9.0,5730.393091327513,0
1400000US37107010800,9.8,1911.178191261336,7
1400000US37081013800,12.9,312.16295167364325,37
1400000US37089930300,9.1,3749.9738180412087,2
1400000US37071032507,8.9,2714.773916542911,7
1400000US37099950700,9.7,14029.829343956855,0
1400000US37081011400,13.9,1411.1022047386775,56
1400000US37067003314,9.1,3173.397947387416,7
1400000US37077970701,9.5,11375.16765893962,0
1400000US37071033303,8.4,1067.391966908889,7
1400000US37103920100,10.8,19529.592518367248,0
1400000US37097061408,8.8,5449.878830018202,0
1400000US37067004011,9.0,1458.3478054317063,6
1400000US37097060500,9.3,1026.6873127137308,18
1400000US37087920400,9.6,2321.734385875205,2
1400000US37089930702,8.5,7865.317384954787,0
1400000US37067003908,7.9,1839.572368348397,14
1400000US37097060703,9.2,3062.1736212294586,2
1400000US37071032508,8.9,4754.630570396116,1
1400000US37093970101,10.4,6421.617948625997,0
1400000US37101041201,10.1,3372.0075637677583,1
1400000US37089930800,8.8,1571.3626513359186,6
1400000US37077970703,10.9,3173.278631040548,2
1400000US37081016009,8.4,559.9901460239265,15
1400000US37071030601,9.7,2403.907462635627,3
1400000US37067001000,9.4,1294.451022821628,43
1400000US37097060702,9.5,7209.205297550269,0
1400000US37097061407,8.8,1296.709017655102,6
1400000US37065021000,11.6,2214.062060026326,4
1400000US37081011102,12.1,1552.328989947779,38
1400000US37089931902,8.6,7061.758328812151,0
1400000US37081016506,8.7,1976.4204813921212,23
1400000US37097060602,8.5,3544.5281629723986,4
1400000US37067004005,8.3,2536.4859973547523,4
1400000US37067004009,8.6,2412.540397843563,1
1400000US37067003803,9.3,2376.3927239594705,12
1400000US37097061001,9.2,5102.147973526688,0
1400000US37071032302,10.5,549.4419021841859,10
1400000US37097061602,8.7,837.1665858099848,5
1400000US37071032900,10.4,703.8779745515284,24
1400000US37065020700,11.0,11491.235802126324,0
1400000US37081012504,9.6,564.8483283156534,62
1400000US37081014406,11.2,1026.6761244905465,17
1400000US37071032402,8.6,5873.572801074484,0
1400000US37071030204,9.0,2674.191179956377,5
1400000US37067002200,8.3,666.519571348889,35
1400000US37071032704,9.9,2189.563529220218,21
1400000US37081015300,9.1,4704.9728451611845,1
1400000US37087920300,9.8,2422.544493974162,1
1400000US37081016406,9.2,318.7742698436801,40
1400000US37107011300,11.0,5885.400560885843,0
1400000US37101041103,9.0,5331.647600400574,0
1400000US37085070901,9.5,8342.307496047286,0
1400000US37081016800,9.9,2587.682393471248,9
1400000US37089931802,8.2,3448.03656072729,1
1400000US37097060701,9.8,1898.001799276696,1
1400000US37067003909,8.3,1262.161597555933,19
1400000US37083930501,11.8,2430.786941215729,4
1400000US37071030401,9.6,6455.158067383325,0
1400000US37087920600,8.9,3820.064654280213,1
1400000US37081010800,9.1,870.1559813802926,57
1400000US37103920200,11.5,18226.651089896182,0
1400000US37067000301,14.3,1493.2379340068317,38
1400000US37089931600,8.9,3428.0789440376902,5
1400000US37071030501,10.0,4027.712059005,5
1400000US37069060700,10.1,11629.45757281437,0
1400000US37067002702,11.5,786.536582631165,25
1400000US37081012706,12.9,909.1943316750668,26
1400000US37101041502,9.2,6489.812627265316,0
1400000US37067002901,10.6,4774.017982515894,2
1400000US37081016306,8.7,1842.0574736354124,12
1400000US37097061406,8.2,6147.9112880882485,0
1400000US37067003905,9.0,629.4415046125856,27
1400000US37099950300,9.6,5789.322201183558,0
1400000US37071031101,10.1,604.9079973930284,10
1400000US37089930200,9.6,8572.513860534853,0
1400000US37067000500,13.8,836.1119998149056,38
1400000US37087920102,9.1,16544.219788648443,0
1400000US37109070100,9.9,617.1918266687807,10
1400000US37097061302,9.8,5413.194506080172,0
1400000US37067000801,16.2,360.8475501984887,34
1400000US37067002804,9.6,2188.836703307743,15
1400000US37097061003,9.7,1992.61129241275,14
1400000US37101040902,9.6,2116.14333319356,2
1400000US37081014200,12.4,805.2244725288402,52
1400000US37067003312,9.0,3198.158486748394,4
1400000US37087921100,9.5,2668.3804810054453,3
1400000US37087921000,9.1,2788.2587793359035,2
1400000US37081014411,11.8,1035.5071383608092,22
1400000US37101040301,11.2,4118.53187429898,2
1400000US37081016205,8.4,1694.4873522740377,24
1400000US37081011101,13.0,372.4067391706385,34
1400000US37073970100,9.9,23229.542353031087,0
1400000US37071030102,9.5,379.37956266538265,7
1400000US37081016701,9.7,2276.2153957751484,5
1400000US37067001800,11.8,747.2727285267599,31
1400000US37081015600,8.6,5184.681176188991,0
1400000US37081011200,13.8,503.1380365934873,52
1400000US37093970202,11.4,3647.68280678359,1
1400000US37067003600,9.6,2025.137296726172,10
1400000US37085070300,10.5,3864.533223424001,6
1400000US37109070300,9.7,3642.6193561789287,5
1400000US37065021500,10.9,13436.37352045964,0
1400000US37077970602,9.5,6348.689580400795,0
1400000US37081012805,11.4,1045.860260289976,31
1400000US37091950401,10.3,2694.3160273599387,2
1400000US37067004014,8.7,1035.2916927280469,6
1400000US37067003310,10.0,2114.4536356545555,11
1400000US37097061404,8.3,1108.0017233423148,4
1400000US37083930900,13.1,688.8238730105568,1
1400000US37081011905,11.0,1951.9876078148427,12
1400000US37097061201,9.0,2155.115880258909,5
1400000US37091950200,10.6,3836.9369592384087,1
1400000US37071031800,11.8,884.4744442570739,21
1400000US37079950200,10.6,11021.488018225367,0
1400000US37071031401,11.1,1243.996798305642,24
1400000US37065021200,10.8,1474.7166783780056,6
1400000US37067001200,7.9,1610.8420433492254,44
1400000US37071032506,10.1,1659.9830335074987,9
1400000US37105030401,10.3,1737.9720830081542,12
1400000US37099950900,8.3,22490.49871279342,0
1400000US37089931200,9.6,637.4907552130525,9
1400000US37067002001,12.1,848.396231032451,28
1400000US37099940200,11.3,6486.983485874775,0
1400000US37081010401,8.2,813.0269352238624,50
1400000US37091950100,11.6,5404.223003164411,0
1400000US37087920800,8.9,3776.9342456310615,1
1400000US37071033400,10.7,222.9796862560096,4
1400000US37105030200,11.3,726.1825498415083,11
1400000US37097061103,9.7,4422.111840659184,1
1400000US37081015401,9.3,4547.24129204007,1
1400000US37081016408,8.0,2877.3550098763285,19
1400000US37071030301,10.0,6901.200093674887,0
1400000US37081015100,9.3,9364.44486338756,0
1400000US37071031703,9.9,3576.250083200956,10
1400000US37069060301,9.6,3734.35670202616,2
1400000US37081013602,11.0,764.104379665146,30
1400000US37101040202,9.8,5628.233953932144,0
1400000US37085070600,10.3,10895.866045387304,0
1400000US37081012610,9.9,1427.4712448250568,44
1400000US37089930402,9.3,5374.195574388398,0
1400000US37067002807,9.9,3461.788083369165,5
1400000US37071031600,10.8,2225.602082293417,7
1400000US37085070801,9.9,3996.2694554884633,1
1400000US37085070100,10.9,2479.3772196933432,4
1400000US37099950500,9.2,8284.86607514954,0
1400000US37081015706,8.4,5468.683863360601,0
1400000US37107011001,9.9,1109.137629604811,1
1400000US37101041400,10.6,1677.2400232329676,3
1400000US37099950600,10.6,7325.153204369281,0
1400000US37067003702,9.8,1470.4445389113066,22
1400000US37081016503,9.4,222.04026102627208,47
1400000US37081010404,7.5,1347.8139519065896,44
1400000US37081010900,9.4,313.0626012904104,49
1400000US37067003315,9.5,357.693915751307,25
1400000US37071033305,9.8,2830.867631946445,5
1400000US37081015402,10.5,965.226376093816,3
1400000US37067003002,10.5,2987.9063905140297,9
1400000US37105030502,9.9,3435.122011621552,3
1400000US37069060502,9.1,3870.991489398108,3
1400000US37069060501,8.7,1769.3721667741052,4
1400000US37067000100,8.6,131.06358405575904,41
1400000US37089931300,9.2,809.2958991874716,9
1400000US37089930600,8.6,1113.3374816648156,12
1400000US37105030101,9.8,1221.3113884008956,8
1400000US37093970201,10.6,3814.865797915948,1
1400000US37081012703,8.8,1355.2169110848236,26
1400000US37085071102,9.9,11862.832596551312,0
1400000US37097060802,9.7,4732.868235224282,1
1400000US37105030601,8.5,3408.11131705319,1
1400000US37067003403,10.6,704.1051095203203,16
1400000US37067003806,9.0,1854.1217437044104,16
1400000US37101041202,10.5,5627.311711975738,0
1400000US37067004012,9.1,1737.3983873725988,8
1400000US37081010601,9.5,790.1170690710079,50
1400000US37081012803,10.6,2364.380430526765,15
1400000US37101041002,9.4,2254.220824639203,4
1400000US37081012505,7.7,1595.204100594674,54
1400000US37077970702,12.0,1283.6745621746047,4
1400000US37071031302,10.4,1900.3865555307957,10
1400000US37083931100,11.6,1289.236964973287,3
1400000US37067002904,9.8,4786.185065217281,1
1400000US37081016008,8.3,2620.145906691165,9
1400000US37067000600,13.3,626.9727803859097,41
1400000US37081017100,8.6,2356.6092948511896,1
1400000US37067003202,9.9,439.8970803101644,25
1400000US37081012612,11.4,1025.991314250571,33
1400000US37071031900,12.8,1204.6337514895574,28
1400000US37101040100,10.5,658.3166613992317,3
1400000US37097060400,11.6,1193.58591561811,12
1400000US37067002604,8.8,1974.5710857178672,8
1400000US37105030701,9.3,4846.261613446556,2
1400000US37081014503,12.3,962.179884401252,27
1400000US37071030801,10.7,1289.297706588016,3
1400000US37105030402,10.6,2293.4866509804965,9
1400000US37085071001,8.9,9417.581796569177,0
1400000US37107010200,12.6,3466.3063549904564,7
1400000US37085071203,9.9,3522.3078223764364,2
1400000US37097061301,9.9,5307.155904496865,0
1400000US37101040700,10.5,433.39146723941326,9
1400000US37099950200,9.3,5187.061878486167,0
1400000US37093970102,9.6,3296.167668632598,1
1400000US37081016303,8.4,3650.429745486846,6
1400000US37067003308,8.8,2279.364666312215,13
1400000US37097061401,8.0,4565.232362629004,1
1400000US37083930200,9.7,1393.619521022102,7
1400000US37081015800,8.3,849.4489558091716,1
1400000US37097061205,8.9,5274.256665334881,0
1400000US37071032200,9.5,3516.562181668982,6
1400000US37065020900,13.0,3324.1946644626114,2
1400000US37085071402,10.1,6043.360140668399,0
1400000US37067003701,11.4,999.6123479451444,33
1400000US37079950300,11.0,3070.2207093433976,1
1400000US37081016006,8.5,1663.03825982152,9
1400000US37085071302,9.5,11872.921512300964,0
1400000US37067001700,11.0,1716.4003050780022,26
1400000US37069060100,10.7,9615.759858566253,0
1400000US37097061202,9.4,868.0724276226913,3
1400000US37077970200,10.5,4475.096869554826,2
1400000US37075920100,9.7,5039.5083773204615,0
1400000US37093970402,13.3,8971.820838051905,0
1400000US37067001602,13.1,854.5750797899822,34
1400000US37107010700,12.8,1370.0804353044782,7
1400000US37093970103,10.0,3175.4739740815508,1
1400000US37071032100,10.7,215.0588898481642,19
1400000US37107010500,13.2,1446.3019993427306,9
1400000US37081012511,7.6,2473.7729582513484,42
1400000US37071032703,10.5,1595.0006994782425,24
1400000US37071033100,11.2,1002.822386698275,18
1400000US37097060601,10.0,855.392744119018,15
1400000US37081014501,11.1,837.0870458466449,48
1400000US37067002601,8.0,1486.0747567046303,26
1400000US37081016201,8.1,2295.9218199671586,14
1400000US37091950402,11.9,3581.0518603266955,2
1400000US37067003106,9.3,8318.306504782719,0
1400000US37107011100,11.1,675.619571598062,2
1400000US37101040400,9.7,6697.034681342665,0
1400000US37081015704,8.8,2878.023853194238,5
1400000US37085070903,9.2,6879.111351948074,0
1400000US37067003107,9.3,1519.9580504270716,15
1400000US37065021300,10.4,4167.929071620027,1
1400000US37071033202,9.7,1090.7718648069654,8
1400000US37085070402,10.1,8310.594805043966,0
1400000US37101041102,9.1,371.4816959308714,1
1400000US37083930400,11.6,558.8259002717945,6
1400000US37097061503,9.0,2237.642084360053,4
1400000US37089930701,8.6,4139.283686536811,2
1400000US37069060802,9.6,3821.423945879736,1
1400000US37071033306,9.5,4850.901138984392,1
1400000US37089930900,8.8,1097.781017866445,11
1400000US37089931400,9.9,630.3882297918367,3
1400000US37081013700,8.5,930.2823029057316,35
1400000US37067003805,9.9,432.5708801237984,23
1400000US37067001500,11.6,257.4904745175372,24
1400000US37067003313,9.6,6035.768804175056,0
1400000US37071032502,8.5,7656.866540685733,0
1400000US37071030602,9.8,4262.1148011654295,1
1400000US37067001902,10.5,481.99525380749833,38
1400000US37081016010,8.7,1828.860250298484,33
1400000US37097060100,9.4,86.77768688534252,19
1400000US37081013900,13.7,1101.307057072909,50
1400000US37071031202,10.0,1326.2954246232855,9
1400000US37083930700,10.6,16267.804399995674,0
1400000US37081015902,8.3,2017.6029011710928,1
1400000US37071033204,11.2,2523.884549085835,13
1400000US37097061501,10.2,1686.408709604971,12
1400000US37071030902,10.9,1656.9611856308795,14
1400000US37081011602,10.3,556.6173759391002,44
1400000US37067003906,7.7,1242.123313475771,25
1400000US37081011300,12.7,713.9111812273668,50
1400000US37081016900,8.9,5084.497375926034,0
1400000US37083930502,11.2,6282.630869907375,0
1400000US37067004010,8.2,3812.693289196444,5
1400000US37069060402,11.4,6276.940509412901,0
1400000US37077970500,10.0,6448.786092467404,0
1400000US37071032600,8.3,1128.0118992486975,13
1400000US37067000900,11.1,436.7102673336059,36
1400000US37081011500,12.2,895.1358274631459,53
1400000US37089931801,7.8,3172.643376314791,7
1400000US37081012604,10.4,1115.5632903123471,47
1400000US37085071202,10.2,5466.528690404655,0
1400000US37083930300,11.1,1879.3223324532728,4
1400000US37067003103,8.9,5563.492129151654,0
1400000US37097061101,9.7,5876.982469249922,0
1400000US37081016101,8.8,325.1527474142424,42
1400000US37085071303,8.9,8618.70083913499,0
1400000US37111970800,9.7,3810.614197996076,3
1400000US37119005611,8.9,1004.5168012055416,8
1400000US37119001200,8.5,695.8263104258023,56
1400000US37127010900,10.6,13122.882551513192,0
1400000US37119005831,8.4,698.3930578284879,12
1400000US37147000701,12.5,169.21038601100483,20
1400000US37119001912,11.2,1107.7454564670547,29
1400000US37119003017,7.6,2706.0743239566414,6
1400000US37119003903,13.5,1302.5969890053366,37
1400000US37129012105,8.8,4701.963988159654,1
1400000US37119001606,9.6,900.5896562856699,39
1400000US37151030302,11.4,1473.329697738803,13
1400000US37147001001,10.1,5252.821847919216,0
1400000US37133000302,10.3,12574.30684843677,0
1400000US37119005827,9.8,559.2338569122531,24
1400000US37135012100,8.3,1121.2848914671674,18
1400000US37119005846,7.5,2098.2892135438365,5
1400000US37151030900,10.2,5165.868301233555,0
1400000US37119001923,10.5,844.8335146487301,19
1400000US37119005523,8.5,290.1541380202776,14
1400000US37119005836,8.6,2235.9826049444364,5
1400000US37123960200,9.8,5333.216866412728,0
1400000US37123960401,10.9,3504.7915919757297,1
1400000US37111970500,10.2,3603.714210301655,4
1400000US37133000600,7.7,6260.587386540956,0
1400000US37133001101,9.5,2694.700738521876,1
1400000US37133000202,9.5,6331.612568564787,0
1400000US37119006212,8.1,846.4303398210706,12
1400000US37115010100,10.1,13411.09700799398,0
1400000US37119006213,8.3,4949.469276401588,1
1400000US37119005834,8.6,856.2056232598133,19
1400000US37119005301,11.4,537.4924305490183,46
1400000US37119003015,7.8,2671.512075872948,12
1400000US37125951100,9.5,1248.0959544595405,6
1400000US37119005619,9.4,3623.699003510823,4
1400000US37119005604,11.8,702.7254348014087,14
1400000US37119004305,10.6,845.9446451510483,46
1400000US37129011603,9.2,1090.2643242987797,6
1400000US37117970500,10.4,7225.891582624951,0
1400000US37149920304,8.2,2941.0086099286395,1
1400000US37127010300,10.5,2741.3538717418587,14
1400000US37119005617,10.0,2500.417930052074,14
1400000US37119005306,11.4,644.0292581674956,47
1400000US37119006109,10.7,1209.0877823442506,21
1400000US37141920502,10.5,10273.430216497478,0
1400000US37119005840,7.7,1566.138313594087,9
1400000US37119003007,7.5,1137.620754394826,5
1400000US37129011902,10.1,177.47131007420552,21
1400000US37135010705,9.0,645.6379422555002,16
1400000US37133002500,10.4,5422.216241578837,0
1400000US37117970400,11.5,13854.081849475724,0
1400000US37129010700,10.6,605.5863648356001,26
1400000US37139960502,9.1,2488.0915786987034,1
1400000US37123960100,10.0,3401.3216750524784,1
1400000US37113970600,9.2,11551.82052586044,0
1400000US37131920402,9.5,18558.09272636689,0
1400000US37119006106,9.4,2035.386187096613,16
1400000US37115010500,9.4,4130.136186216931,2
1400000US37119003807,10.6,1163.154068794409,38
1400000US37121950300,10.1,2997.268363666005,2
1400000US37119002903,7.7,1358.6733564650267,9
1400000US37151031304,10.4,2240.5200352625693,1
1400000US37129012006,8.4,1626.0461459502667,23
1400000US37129010400,8.6,1384.2326956496336,40
1400000US37119005709,8.1,657.3636243726944,20
1400000US37127010502,9.6,818.0099779315944,23
1400000US37113970501,8.4,17319.313780272452,0
1400000US37139960501,9.5,5533.415558356831,0
1400000US37119001603,9.6,1742.8431977238158,45
1400000US37147001100,9.8,10353.172412069318,0
1400000US37127011101,9.5,1463.3761211453243,4
1400000US37119006302,7.9,3454.272206247884,7
1400000US37119005401,11.2,1817.072722705066,41
1400000US37145920500,9.5,9842.845449696608,0
1400000US37133002800,9.3,6730.019460311918,0
1400000US37137950101,9.9,11753.769351057244,0
1400000US37131920100,10.6,4686.596820683554,1
1400000US37119003011,7.2,1913.8019336426075,15
1400000US37147001600,10.2,6727.339867774325,0
1400000US37129011703,7.8,2800.971553860576,5
1400000US37149920104,8.5,910.2063099034278,1
1400000US37145920100,10.1,9941.901913359998,0
1400000US37131920401,12.1,7192.21855343548,0
1400000US37119003106,8.9,647.6635826884869,21
1400000US37151031200,10.5,2189.9480395388923,2
1400000US37139960200,11.4,1970.924998586012,8
1400000US37119005828,8.1,1306.591154650096,21
1400000US37119004500,12.3,131.9954887082869,59
1400000US37127010602,10.4,763.040262503703,12
1400000US37119000500,8.8,323.72213071429707,64
1400000US37119003805,6.8,805.3932103803805,30
1400000US37119002200,7.7,911.8714051431672,40
1400000US37119006108,9.7,1473.2729841884843,16
1400000US37119000800,12.3,1029.998642004531,64
1400000US37135011901,8.4,1385.562499088839,19
1400000US37151031100,11.0,2606.7614912345707,2
1400000US37119005610,10.2,1717.729014357669,13
1400000US37147000301,9.0,1664.7215590284598,17
1400000US37119006407,8.4,1207.1391396319552,12
1400000US37119005715,9.0,4144.095483474818,1
1400000US37133000103,9.4,8937.634796296725,0
1400000US37119005915,9.0,497.50846062481895,46
1400000US37147002001,11.8,5406.355271330218,0
1400000US37133002202,10.6,1960.227713104304,15
1400000US37129012010,8.5,1771.5927418386873,9
1400000US37119001507,11.9,770.5789596228534,25
1400000US37141920101,8.2,5139.963082473681,0
1400000US37119006214,8.5,2445.058130436329,8
1400000US37119001509,11.4,486.2743172161426,31
1400000US37135011400,10.3,635.3402186787797,19
1400000US37145920300,11.3,3171.1894154269226,2
1400000US37119002906,7.6,1159.5454950876172,21
1400000US37119005916,10.9,1603.3790170523114,44
1400000US37133001000,8.7,4102.619002989432,6
1400000US37127010503,9.5,1753.8056644195804,9
1400000US37119005817,7.8,1374.816141129117,7
1400000US37119006210,7.9,2102.0024492380835,12
1400000US37119003108,10.0,814.3457838957949,26
1400000US37119005510,10.4,1216.851075440238,19
1400000US37119002702,8.0,1336.052610987983,49
1400000US37119005711,8.2,2825.8105323540867,8
1400000US37119005717,9.4,2025.9726296558208,22
1400000US37141920402,9.6,6926.449412759199,0
1400000US37133000403,8.3,3775.514542302082,1
1400000US37125950200,10.5,15864.629816010704,0
1400000US37119005514,8.8,651.0707565512294,16
1400000US37133000401,8.8,7669.534736847102,0
1400000US37117970200,10.6,1779.9240562820544,2
1400000US37127010504,9.8,3261.406059378188,6
1400000US37147001402,10.2,7444.87715320865,0
1400000US37131920200,10.9,15521.515413645597,0
1400000US37145920200,9.6,1252.1987708969732,1
1400000US37135010901,9.2,6348.934046424964,0
1400000US37147000601,11.5,115.62296589338884,16
1400000US37119001802,8.7,649.4694168654851,36
1400000US37119005918,8.6,1189.8529958020604,19
1400000US37119004100,9.9,711.420238306054,64
1400000US37141920602,9.9,6099.233283598339,0
1400000US37119003103,8.4,1382.2033939389476,30
1400000US37133001500,11.4,985.473306740759,22
1400000US37129012103,8.2,310.62287220044703,6
1400000US37125950302,8.7,5703.302163835379,0
1400000US37129012203,8.2,7482.094533131258,0
1400000US37119005811,8.2,1120.4908783690278,18
1400000US37119006203,8.1,2800.0859953548515,5
1400000US37135011205,7.4,2477.9040732174,11
1400000US37139960702,9.5,8571.213445389783,0
1400000US37119005908,8.0,3923.1101185981543,13
1400000US37135010706,7.6,2557.663810201832,15
1400000US37119003700,11.1,670.3916079491705,53
1400000US37119003500,7.6,670.0719583861563,53
1400000US37127010200,12.5,667.4987246609807,12
1400000US37129010300,11.2,805.3939924122803,33
1400000US37121950100,9.4,19241.72655359567,0
1400000US37113970302,9.1,4414.067781086793,1
1400000US37119002400,8.2,505.5438694085619,54
1400000US37125951200,10.1,6859.058900131615,0
1400000US37147002002,10.6,10238.357689225046,0
1400000US37147000201,11.2,972.3921875927248,17
1400000US37133001200,9.4,2524.6142512660617,4
1400000US37135010902,9.0,3433.455275547965,3
1400000US37149920101,9.3,12070.45829583246,0
1400000US37141920204,10.3,15054.683969832256,0
1400000US37119005509,9.0,2460.486794628587,13
1400000US37119005848,7.9,3690.8868759809143,10
1400000US37119005519,8.8,1872.8051482078235,8
1400000US37109070901,9.2,5375.915105051886,0
1400000US37135010703,8.8,321.17356961194287,13
1400000US37119001918,10.9,917.8426151030128,31
1400000US37119005620,9.7,1742.988992433671,8
1400000US37119000100,7.9,191.6825207888552,60
1400000US37119006304,8.0,3280.247066209278,3
1400000US37119005914,8.6,666.3994848487058,36
1400000US37119005404,10.5,1148.5077636037522,38
1400000US37119001922,10.6,623.0759912513078,12
1400000US37119006404,7.5,2222.603230560412,2
1400000US37119004303,10.2,1676.9725080209562,33
1400000US37111970100,9.8,1899.796004955862,2
1400000US37147001302,9.3,1233.3747242772706,5
1400000US37149920301,9.6,3152.2095367138827,2
1400000US37123960500,10.7,13356.82052948864,0
1400000US37119006104,9.9,2062.9498340913374,21
1400000US37139960300,14.6,946.0088447884232,8
1400000US37135011602,11.7,699.8027785896592,18
1400000US37129011300,9.7,622.5582756342689,25
1400000US37147000100,12.8,42.14976316068815,22
1400000US37129010800,11.1,815.3871042201399,17
1400000US37119005911,8.4,4479.15374107296,3
1400000US37109071101,9.1,1919.7230112258303,5
1400000US37119005815,8.5,1866.8163315525803,7
1400000US37119005844,7.6,2005.4528049218643,5
1400000US37125950702,7.6,2700.8092185546584,8
1400000US37119003006,7.9,1595.9013610676907,8
1400000US37119003203,8.5,1142.584582821131,32
1400000US37151030202,9.3,2019.9369769675773,7
1400000US37119001701,10.4,813.8165780899334,50
1400000US37119005521,9.2,1017.7524787058088,10
1400000US37135011203,8.8,11980.62794040316,0
1400000US37119002004,8.4,3617.446770351357,19
1400000US37119005910,9.0,1156.472703350987,23
1400000US37111970700,9.8,6024.22581407554,0
1400000US37119002701,7.9,787.9589415177214,52
1400000US37119005830,8.7,1631.3599654795703,15
1400000US37119005824,9.6,1222.8071150692565,30
1400000US37129011000,13.0,937.7896989171855,31
1400000US37139960600,9.5,1581.6099242245818,1
1400000US37151030801,9.9,5713.971121120116,0
1400000US37119000400,8.1,525.3302740370169,63
1400000US37119005511,9.3,1580.138567617399,19
1400000US37129011705,8.6,1889.0225096030945,6
1400000US37127011200,9.3,7986.1565389655325,0
1400000US37119004200,12.7,715.5587509747282,63
1400000US37119001504,11.8,961.3841801574906,31
1400000US37119005614,9.1,2239.075526410776,10
1400000US37125950602,8.8,3747.277608009609,2
1400000US37147001301,9.6,1375.4522431883424,6
1400000US37119006006,10.1,1342.5609161493471,21
1400000US37109071001,9.3,1561.5537379461157,1
1400000US37129011606,9.4,1156.9064589819232,18
1400000US37125950900,8.8,211.2323458841092,6
1400000US37147000603,10.2,1251.1981581984746,13
1400000US37119005000,11.7,389.4170913603289,69
1400000US37147000400,11.3,1189.2761964183355,20
1400000US37119005305,10.8,1516.2489470233154,42
1400000US37119005713,8.3,2502.084250234409,5
1400000US37133000800,10.7,487.4182840110154,2
1400000US37133002201,9.5,1367.6504939195745,16
1400000US37119001609,10.3,1602.4195629896597,34
1400000US37119003109,10.1,865.8249154852936,27
1400000US37115010700,9.6,5621.387093278936,0
1400000US37129010100,11.5,618.2498791221784,23
1400000US37129010600,7.9,1049.6428694820945,32
1400000US37129012007,9.3,1100.470326773924,22
1400000US37119001915,10.7,631.2547827498634,22
1400000US37119006010,10.7,834.4666376579282,17
1400000US37119001920,10.2,1081.0825413903008,25
1400000US37129011904,8.2,2604.467963214,21
1400000US37119005833,7.3,1709.886896840473,15
1400000US37125950502,9.1,8847.188195748737,0
1400000US37109070700,9.5,7012.622164321065,0
1400000US37129012201,9.1,1473.2907626184706,1
1400000US37119003012,7.9,2270.9933976883945,16
1400000US37135011601,10.6,315.57420604372777,18
1400000US37119006406,8.6,1177.3673615341986,10
1400000US37135012201,8.2,3292.1231363637708,10
1400000US37119001300,10.2,1039.3271136029762,59
1400000US37151030100,10.4,931.7053036007502,8
1400000US37119005612,9.0,1505.8516629081885,14
1400000US37113970200,9.8,17311.896496307614,0
1400000US37115010200,9.9,16503.24035693279,0
1400000US37129012009,8.3,1576.108540575843,15
1400000US37125950802,8.0,2775.490435914212,2
1400000US37119000700,9.5,647.8998881248203,64
1400000US37151031306,9.4,8748.976805220997,0
1400000US37119005605,9.9,918.0462111495624,15
1400000US37147000900,11.8,9346.314366925442,0
1400000US37117970100,10.3,14511.236972722008,0
1400000US37119003300,8.4,965.2291446710028,47
1400000US37119005516,8.0,4051.536934725751,3
1400000US37141920202,8.3,5726.887476917098,0
1400000US37119001910,10.2,1026.22274496279,30
1400000US37129010501,10.6,372.3129227383331,29
1400000US37119005838,7.8,889.6542819970635,4
1400000US37135012202,7.9,2807.4657765699485,12
1400000US37119005913,8.7,710.0218212651837,40
1400000US37133001800,9.9,474.4274070958582,16
1400000US37147000702,13.3,1231.390269651581,19
1400000US37109070500,9.4,9842.046546652604,0
1400000US37119003018,7.7,3800.0345989193247,3
1400000US37119006208,8.1,757.7443993219492,8
1400000US37119005706,9.2,2085.280024216936,5
1400000US37119004800,11.9,807.4996668320688,64
1400000US37109071202,8.3,2225.230389429245,3
1400000US37151030504,9.8,9011.496281091386,0
1400000US37113970700,9.3,14246.71510899498,0
1400000US37151030502,9.2,3818.577649426421,1
1400000US37129011903,11.3,1407.2445431267192,24
1400000US37129011605,10.0,974.7503983867646,23
1400000US37147001003,8.8,3116.989055904693,2
1400000US37119003013,7.7,2097.291526063538,4
1400000US37115010600,9.3,6110.512611272541,0
1400000US37119003808,9.9,833.8219131839364,33
1400000US37141920403,9.5,2431.062157700232,2
1400000US37119005307,11.4,1744.3219849931882,38
1400000US37119001605,9.6,597.7094501011251,48
1400000US37127011400,9.6,1961.3678979252809,1
1400000US37135011800,9.6,678.5708092614486,19
1400000US37119006209,8.4,1018.0296549191622,8
1400000US37119005841,7.7,1506.762412487417,7
1400000US37119005616,10.6,1960.155826626497,15
1400000US37143920202,9.5,7694.864531394271,0
1400000US37119005200,12.6,228.4002809525528,63
1400000US37127010601,9.8,1525.0132448949505,15
1400000US37119006008,9.4,2885.304265398875,8
1400000US37145920601,10.3,8007.891325559501,0
1400000US37135010704,8.6,3860.260651161358,5
1400000US37141920401,11.5,6186.163090135945,0
1400000US37119005618,9.4,2058.91526092821,3
1400000US37119001100,7.9,816.2563974402631,59
1400000US37119006211,7.9,2218.0492968920616,13
1400000US37125950501,9.4,5811.610521227069,0
1400000US37129011607,9.4,155.11849815132965,8
1400000US37119001608,11.0,1570.6713032166683,35
1400000US37127011300,9.4,11612.396325766184,0
1400000US37119006009,9.7,2051.2639849938746,8
1400000US37133000102,9.1,4754.924042138783,1
1400000US37119004400,11.1,397.7932834492937,34
1400000US37135011500,8.2,1463.9662697222589,19
1400000US37119005835,8.4,1652.1958134986862,15
1400000US37119006215,9.0,1994.0062185417587,11
1400000US37119005837,7.9,795.2455714607208,8
1400000US37127010800,9.4,8130.451970354663,0
1400000US37125950402,9.9,8495.917816825064,0
1400000US37119001917,10.4,1403.2583584309264,10
1400000US37119005609,10.9,1813.7048787645915,14
1400000US37119004600,12.4,602.0166183253375,58
1400000US37147000501,9.5,33.268657790186126,22
1400000US37119002800,7.4,316.1299437927332,44
1400000US37133000500,8.4,9858.550545319018,0
1400000US37123960300,8.9,8499.729077025697,0
1400000US37135011102,9.4,5790.123546584567,0
1400000US37125951000,8.2,3075.450103921114,3
1400000US37151030600,10.0,6060.58494211915,0
1400000US37147000502,11.0,1038.984022692525,20
1400000US37119005308,10.4,873.2620984986117,39
1400000US37119005823,7.8,2769.231791158722,2
1400000US37133000900,9.8,286.3097519569863,13
1400000US37119001607,11.2,1272.778657528872,31
1400000US37133002600,11.6,728.8770431984674,20
1400000US37119005917,9.0,436.6995029376761,38
1400000US37109071201,8.3,3247.033830139372,5
1400000US37119002002,7.6,1259.2964563626083,23
1400000US37131920300,11.3,11771.808816909685,0
1400000US37141920103,9.1,8248.854867756623,0
1400000US37151030802,9.7,12519.476217450198,0
1400000US37119005522,8.6,1168.7010775309095,21
1400000US37133000301,10.1,14040.52739564802,0
1400000US37129011200,10.8,829.6635265862941,26
1400000US37119003008,8.1,2254.6705733853205,14
1400000US37121950400,9.0,2329.108719531179,2
1400000US37119005839,8.3,1366.411334488404,10
1400000US37141920601,10.9,10294.109427157471,0
1400000US37129012104,8.9,3662.43446629306,5
1400000US37119006105,9.1,1176.583331639226,2
1400000US37113970502,8.4,23286.126746694637,0
1400000US37133002100,9.5,2187.751254521019,11
1400000US37119005826,9.2,1364.2834228526397,14
1400000US37141920501,10.8,20162.012560348463,0
1400000US37119005829,8.7,507.3606822911105,18
1400000US37119005710,9.7,2855.142634542399,15
1400000US37119002500,8.0,407.34227100971134,57
1400000US37117970300,11.2,3838.052790549657,2
1400000US37129011701,8.7,1052.1817322768163,20
1400000US37129011100,14.0,1271.6395731315995,32
1400000US37109070800,10.0,2057.945042724544,9
1400000US37119006405,8.1,1273.7802140580402,9
1400000US37149920200,9.7,9295.201594810758,0
1400000US37119001921,10.2,1243.0701104985676,21
1400000US37127010400,12.4,1066.7971954865309,23
1400000US37127010700,10.5,4122.7250302773045,1
1400000US37147001500,10.7,8342.897123220358,0
1400000US37119005515,8.2,3996.766434816404,2
1400000US37133002400,10.5,2588.749436814962,2
1400000US37147001002,9.1,3834.443998191994,1
1400000US37111970901,9.6,7395.137655409564,0
1400000US37147001401,11.0,5847.165160163323,0
1400000US37119005825,8.9,1210.347428001702,13
1400000US37135011902,7.8,1177.6417983261524,17
1400000US37119005517,8.2,4304.340823854507,3
1400000US37113970301,9.8,1871.645615863764,1
1400000US37119001510,10.4,838.8511375892152,21
1400000US37141920102,8.4,8709.088892765762,0
1400000US37109071002,10.2,5515.262318938726,0
1400000US37137950201,9.6,17007.885975480665,0
1400000US37123960402,9.8,3699.173141905606,2
1400000US37119003902,12.7,1606.5962757639618,44
1400000US37119001508,9.7,1025.5213647226017,21
1400000US37111970400,10.6,2215.475850603593,3
1400000US37133001400,8.6,1874.832723348709,18
1400000US37113970400,9.3,8985.57374790801,0
1400000US37119002100,9.1,1184.3795481728414,34
1400000US37135011300,12.4,516.0059075975842,18
1400000US37119003016,8.1,3748.4677447362433,8
1400000US37119006107,9.0,1881.6926240970715,17
1400000US37119004000,11.7,468.0897783966775,39
1400000US37151030400,10.4,1807.214024332844,13
1400000US37119005906,9.5,1608.2040561675974,8
1400000US37133002300,9.6,4551.113336551924,1
1400000US37111970902,10.1,7874.560894373419,0
1400000US37119005847,7.8,1711.6119275694823,4
1400000US37139960100,11.0,1083.5329115374668,7
1400000US37151031303,9.7,3212.036161443348,1
1400000US37119001000,7.9,619.7194379152296,59
1400000US37119001801,9.8,422.1870077001908,43
1400000US37137950102,10.2,16180.135439623644,0
1400000US37143920100,10.1,8921.258258739079,0
1400000US37121950200,9.7,8940.514349976318,0
1400000US37151031000,10.4,3323.636062280503,1
1400000US37145920400,11.1,658.3387958976915,2
1400000US37119005716,9.2,1628.6165504063813,22
1400000US37135010802,8.7,1795.1282010565085,1
1400000US37119005524,8.9,1449.652663315948,25
1400000US37119005513,9.0,1972.774073926353,15
1400000US37147001900,10.7,7919.601373915893,0
1400000US37119003806,9.0,1870.353049080248,41
1400000US37111970600,9.3,2033.5274566858784,4
1400000US37125950301,9.0,6532.700278048925,0
1400000US37129011500,9.9,2513.292912350315,9
1400000US37133000402,8.9,3564.0733780766395,1
1400000US37119001505,9.9,1336.3768882457834,27
1400000US37151031305,10.4,1531.5910116571852,1
1400000US37129011800,8.0,4941.12315546182,1
1400000US37127011000,10.8,8943.493591450873,0
1400000US37119005512,10.2,1225.192839838676,30
1400000US37145920602,9.4,8278.623963471646,0
1400000US37127011102,9.4,1251.1557674034602,5
1400000US37119005845,7.5,1480.82927299795,7
1400000US37119006103,8.8,5143.426309693846,0
1400000US37129010200,10.5,380.460794424639,34
1400000US37119001702,10.6,876.9923162076581,40
1400000US37119000600,8.7,689.4128221415075,60
1400000US37147001800,10.8,1198.5866293897725,3
1400000US37119005403,10.0,1990.890710437499,37
1400000US37119005621,9.0,4479.543939143859,1
1400000US37147000202,10.3,948.92228061733,16
1400000US37133001300,9.8,1933.3134225824615,11
1400000US37151030700,9.7,14250.561282078004,0
1400000US37125950100,9.7,17866.97165828477,0
1400000US37119005816,7.8,973.8096210112884,8
1400000US37119005714,8.3,2380.3740314398456,1
1400000US37119005907,8.0,1682.0956852508243,20
1400000US37119002600,9.4,498.7047612694434,60
1400000US37111970200,9.8,7959.682975103575,0
1400000US37147000800,11.6,836.4205078021189,18
1400000US37137950202,8.6,25805.40734067087,0
1400000US37135011000,8.5,2773.112850326935,3
1400000US37119006007,8.9,2316.8974406635966,3
1400000US37135011700,10.6,970.1447110438723,18
1400000US37111970300,9.6,2131.3956698236407,3
1400000US37119005520,8.0,1899.6502130157064,10
1400000US37119001914,10.0,618.0507712469467,30
1400000US37119004304,10.9,84.94291001369915,42
1400000US37147001303,9.2,3397.8621651673952,6
1400000US37129012300,7.7,1355.933271403958,2
1400000US37127011500,10.5,5690.44885837087,0
1400000US37119000900,10.8,342.41264851278254,66
1400000US37119002300,13.7,874.2141111090828,42
1400000US37133000700,9.1,3241.816238609763,3
1400000US37147000302,11.0,1305.0927529908022,9
1400000US37119003105,7.8,1651.1103584031223,23
1400000US37119005518,8.2,2104.94448119198,4
1400000US37135010801,9.2,12959.2240521956,0
1400000US37129012008,9.1,1689.4427702236412,13
1400000US37119003802,12.6,133.87471665176116,38
1400000US37139960701,9.6,1894.270284147946,3
1400000US37119005912,8.8,132.05072548388483,28
1400000US37119005615,8.6,1307.4363777779326,6
1400000US37133000201,9.3,13433.04666737816,0
1400000US37125950601,7.6,3288.8576608958874,1
1400000US37125950701,7.9,3014.269767482092,2
1400000US37109070600,9.2,14840.951346096286,0
1400000US37119001919,10.1,458.8638761481538,29
1400000US37125950801,10.6,2301.4931823462016,7
1400000US37119003201,8.5,364.1538363473992,33
1400000US37147001700,10.1,4283.6173631139645,1
1400000US37119005812,8.8,353.07490655001845,20
1400000US37129012101,9.4,1337.495466916419,14
1400000US37129011400,12.0,861.8135035538196,21
1400000US37135011204,7.9,3534.21392547967,1
1400000US37139960503,10.7,14403.128350218514,0
1400000US37119003204,8.4,633.5568708200769,44
1400000US37135011202,8.1,7237.988515997077,0
1400000US37151031400,9.8,486.6419531495745,13
1400000US37119004302,11.3,809.5271237123505,45
1400000US37119006403,9.1,888.3141908916683,7
1400000US37141920203,9.2,7751.547195954263,0
1400000US37109071102,8.5,2008.7557421985716,5
1400000US37119003400,7.8,942.5981507960472,49
1400000US37119001400,8.8,907.1742727317308,59
1400000US37119001916,9.7,1152.7340020507693,13
1400000US37141920300,10.9,7700.700838502131,0
1400000US37119000300,8.9,150.59144718750687,57
1400000US37109071203,8.1,2310.604452476008,3
1400000US37129012004,8.0,3319.937644416276,6
1400000US37119005100,12.5,728.1255807656113,56
1400000US37113970100,9.2,11159.807094074187,0
1400000US37119002904,7.5,3123.38515316909,6
1400000US37129010900,9.1,760.8645206206317,22
1400000US37149920303,8.8,6796.0832522332175,0
1400000US37119005508,8.4,371.5424823828672,14
1400000US37133001102,10.4,2093.178099019165,3
1400000US37151030503,9.6,6584.264625810309,0
1400000US37135011101,9.8,4532.942784770975,1
1400000US37109070902,9.2,7271.175977100667,0
1400000US37119005842,8.0,1210.9857916140302,9
1400000US37117970600,11.8,477.3360760111817,1
1400000US37119005712,8.4,1774.3631905610273,13
1400000US37119005843,8.0,946.801268311697,9
1400000US37129010502,10.9,1266.8761409037645,30
1400000US37119003600,10.6,658.7203773049156,58
1400000US37151030201,9.3,823.5274300207404,11
1400000US37115010400,10.0,8089.052262033911,0
1400000US37119002905,7.4,1418.0558295778646,21
1400000US37129012001,8.7,1964.845383219788,12
1400000US37119005832,7.8,4030.810676014512,7
1400000US37133001700,9.9,372.5653635284336,23
1400000US37119001911,9.9,1777.732042548932,21
1400000US37119005909,8.6,880.0753145602756,26
1400000US37147000602,11.0,1469.0027093650708,20
1400000US37129012202,8.5,1902.99438260768,1
1400000US37109070400,9.6,1240.8087634678748,4
1400000US37119006204,7.9,3120.623337176598,5
1400000US37119004900,13.5,1032.024072376119,72
1400000US37119006005,9.5,1873.1741619477157,13
1400000US37135010701,8.8,3541.2893002515466,5
1400000US37149920103,9.2,6573.056853186565,0
1400000US37125950401,9.5,6044.127938428359,0
1400000US37119004700,13.6,335.75738655770573,74
1400000US37129011608,9.0,3514.297548891716,4
1400000US37119003102,8.6,1408.064500997058,24
1400000US37139960400,10.5,1341.5511486096684,6
1400000US37119005613,8.8,1643.73259407091,15
1400000US37119006303,8.5,1462.7761889866867,13
1400000US37141920201,8.7,2733.4549327088635,2
1400000US37151030301,10.1,1997.0239722700107,16
1400000US37143920201,10.4,12037.562868684272,0
1400000US37119002003,8.8,2234.844779726385,23
1400000US37147001200,10.3,14219.865392878872,0
1400000US37195001400,9.3,2767.6633694912325,7
1400000US37183050800,13.1,843.1828097720897,37
1400000US37167930102,10.2,6208.474869313496,0
1400000US37167930801,9.5,2826.9073005987707,1
1400000US37159051502,10.3,4224.215070288261,5
1400000US37183054301,9.0,6002.213628944509,0
1400000US37157040101,9.9,9919.244359454666,0
1400000US37163970301,9.8,9543.099325725096,0
1400000US37183051900,10.6,1351.260493660613,41
1400000US37179020203,8.4,6610.779964934204,0
1400000US37183052408,10.4,1113.3393866607714,31
1400000US37179020317,8.5,2372.847734411573,16
1400000US37183054008,10.1,923.3636886690664,24
1400000US37179020315,8.3,2411.60694193214,4
1400000US37179020800,10.0,1647.0726774720597,1
1400000US37171930801,10.6,14080.79973518054,0
1400000US37183052601,7.4,1024.3806515391764,22
1400000US37175960401,8.4,3676.295814032365,1
1400000US37183053805,7.8,6133.863524122533,0
1400000US37181960500,12.2,951.7747326454088,3
1400000US37189920602,9.1,4970.669780667164,1
1400000US37183054110,8.8,2857.36999025488,4
1400000US37183053709,8.3,616.6248691325552,12
1400000US37157040300,9.4,606.5831052704477,4
1400000US37193960900,10.4,16714.71729601779,0
1400000US37159050202,10.5,1609.517371597069,13
1400000US37155960202,12.9,7887.512351317428,0
1400000US37183053405,7.7,984.7019488525116,19
1400000US37183053808,7.6,3126.4051122736987,7
1400000US37191000800,10.5,5561.58369143839,0
1400000US37183053720,7.7,3015.986218388076,6
1400000US37179020501,10.0,2614.2526732969955,2
1400000US37183052704,10.9,828.0804068299939,31
1400000US37195000400,10.9,434.3612750264567,25
1400000US37165010300,12.9,1942.1867454971912,5
1400000US37179021014,9.5,706.689761147672,2
1400000US37193960802,10.1,4388.782944584659,1
1400000US37183053409,7.3,2541.4528341067444,11
1400000US37191000902,11.1,5134.693276445942,0
1400000US37161960300,8.9,18898.36849290455,0
1400000US37197050400,10.2,8511.391413578976,0
1400000US37189920900,9.1,8271.004966501958,0
1400000US37183053718,8.0,1189.855487896866,10
1400000US37183053804,7.9,4295.180133442429,2
1400000US37183052901,8.9,6565.384063905885,0
1400000US37153970800,10.9,6807.250003844437,0
1400000US37181960400,9.9,1702.5322148194214,6
1400000US37181960900,10.9,4047.57230289221,1
1400000US37183053726,8.6,606.8739323932697,13
1400000US37167930802,9.2,3891.039526133308,1
1400000US37183051000,8.3,585.7058023615614,40
1400000US37157040700,9.9,6002.650766267268,0
1400000US37195000502,9.6,751.5058700299749,20
1400000US37157041200,11.7,1794.1178310232606,6
1400000US37183053422,7.5,1951.1938942130853,14
1400000US37171931001,9.9,4640.8406085293445,1
1400000US37159051303,10.1,861.9074041392971,10
1400000US37151031501,9.6,2369.4024817685186,4
1400000US37195000700,13.4,1060.3368508892595,15
1400000US37183052803,10.6,1350.2449081964317,17
1400000US37191000102,9.1,2700.3636487989065,1
1400000US37163970900,12.0,18172.028869380614,0
1400000US37183053607,7.1,929.6363218691594,23
1400000US37189920400,10.8,2815.295201765833,4
1400000US37159051101,9.8,3627.624549781625,1
1400000US37169070200,9.6,18744.48069872888,0
1400000US37153970600,12.2,1591.155087108268,3
1400000US37183053724,7.6,809.0483405196156,15
1400000US37179020902,9.6,12566.703398253076,0
1400000US37183053003,7.8,491.15920471709785,11
1400000US37179020306,9.5,948.0800753098636,12
1400000US37163970100,10.5,10669.1850736152,0
1400000US37183052808,9.2,2432.4436503553893,4
1400000US37157040200,10.8,3187.507822121529,1
1400000US37183050100,8.0,227.5703391121336,43
1400000US37171930202,10.6,1486.403598239236,5
1400000US37153970400,9.9,4271.436913446421,2
1400000US37165010102,11.3,2457.9929007896085,4
1400000US37161960200,9.8,10117.52425544791,0
1400000US37157041601,9.7,5189.175756946493,0
1400000US37183053605,7.4,1504.112424277863,19
1400000US37191001302,9.7,330.1485978678456,13
1400000US37179021013,8.5,1133.4489542406068,3
1400000US37169070600,9.4,7669.7440427338115,0
1400000US37183053413,7.8,6801.7122539570655,0
1400000US37183054014,9.4,996.0615457227216,17
1400000US37173960200,10.1,3019.173580397438,1
1400000US37151031602,10.4,666.9773448259897,43
1400000US37163970500,10.6,9832.037630871053,0
1400000US37157040601,9.8,6765.04975854716,0
1400000US37159050903,9.4,5237.939609338459,0
1400000US37183053411,7.4,2710.5278216007487,3
1400000US37191001500,12.7,1797.116210877325,8
1400000US37171931003,10.3,8940.230059568177,0
1400000US37183053410,6.8,1941.0129301103736,3
1400000US37169070503,9.1,3449.1858342523865,2
1400000US37183054001,8.9,881.2916830561304,26
1400000US37183053006,7.8,4824.863812284264,1
1400000US37155961802,12.4,7270.438416966341,0
1400000US37183054404,9.4,1682.4142936633714,3
1400000US37171930302,10.0,541.7188460090272,10
1400000US37179020308,8.9,2431.7293820993127,9
1400000US37179020309,8.5,5717.270679359172,0
1400000US37183052503,8.2,1880.2693561620877,18
1400000US37195000100,12.1,225.08071850476284,27
1400000US37183054006,8.9,973.828161361084,21
1400000US37183054210,8.6,1747.7384437370713,1
1400000US37183053505,7.9,826.0407701040414,14
1400000US37155960501,12.5,4207.456764822753,1
1400000US37175960200,10.0,4270.680967533538,2
1400000US37185950101,9.2,25208.87811566797,0
1400000US37181960700,13.7,1100.630068928133,6
1400000US37169070300,9.7,13337.5339264253,0
1400000US37155962001,13.1,1583.5094349080655,1
1400000US37183053417,8.4,2234.861435496922,11
1400000US37191000302,10.6,3209.880186531786,3
1400000US37195001200,10.9,7250.595477165751,0
1400000US37183053524,7.8,713.2923144200361,15
1400000US37159051700,9.7,2255.2231708211884,2
1400000US37151031504,9.2,336.4223070675845,11
1400000US37183053609,8.9,482.41091252606486,30
1400000US37159052000,10.5,898.2203648872862,14
1400000US37157040501,11.1,4283.8680927246605,1
1400000US37171931103,10.1,7294.230569115208,0
1400000US37171930102,10.3,2524.369372165476,2
1400000US37183052507,8.6,1160.7847083847028,12
1400000US37159050500,9.2,536.7568329689753,14
1400000US37183053206,8.5,805.5012707112437,7
1400000US37183053723,8.2,834.9690009744892,13
1400000US37181960300,10.6,2566.789206339001,3
1400000US37179021004,8.4,4947.63327742186,1
1400000US37183053807,7.5,2225.0382338434515,6
1400000US37183054112,9.5,1411.0872641271633,6
1400000US37155961700,12.4,13961.55830370112,0
1400000US37159050800,11.7,1981.0079450988692,8
1400000US37183052401,10.1,1484.3134524345703,15
1400000US37185950102,9.6,27723.33396643665,0
1400000US37183053717,8.3,229.77978889875047,10
1400000US37183054402,9.3,4491.243383504373,1
1400000US37183054115,9.3,2004.198803217692,8
1400000US37189920200,9.8,10189.69280038052,0
1400000US37197050101,9.9,9258.787887176111,0
1400000US37165010600,11.2,11764.531401122384,0
1400000US37161960600,10.6,1719.045618947557,11
1400000US37159051002,9.5,3364.156408969066,3
1400000US37179020100,9.2,12661.21675509687,0
1400000US37183050600,11.4,848.475649563736,43
1400000US37179020312,9.7,1022.7368986009552,10
1400000US37183054500,9.6,848.5675454883593,33
1400000US37183053522,7.2,189.5185272019184,22
1400000US37183053008,8.2,2115.83112835571,6
1400000US37187950300,9.9,19295.93274201028,0
1400000US37183053201,8.0,2964.911640179536,1
1400000US37183054207,8.1,2002.0325112005544,8
1400000US37193960801,10.5,7400.974425533204,0
1400000US37161961102,10.2,3610.232682313676,1
1400000US37183053420,8.6,1500.7295440470282,10
1400000US37171930902,9.1,2167.211091919054,3
1400000US37183054108,10.0,3331.047937943981,5
1400000US37175960600,9.3,10039.694186379436,0
1400000US37193960300,11.1,5741.315153795339,0
1400000US37189920702,8.7,9526.79707872385,0
1400000US37157040502,10.0,75.67320446758154,2
1400000US37155960900,9.3,1388.1404537524154,8
1400000US37153970200,10.3,15282.509953602386,0
1400000US37183051502,7.2,829.7721270035777,28
1400000US37185950200,10.6,8917.901188794393,0
1400000US37183052101,10.5,1476.376574544587,30
1400000US37183052806,10.7,1941.1482309550745,5
1400000US37183053418,8.2,1639.1370162985745,20
1400000US37179020305,8.6,4727.167809216628,3
1400000US37161961000,10.3,9125.621889663227,0
1400000US37155961200,11.1,1912.224912977238,8
1400000US37169070700,10.3,1994.0682517987343,1
1400000US37165010101,9.4,2811.279001451243,3
1400000US37197050200,10.1,11185.334915755877,0
1400000US37183053004,7.5,980.6308847321246,15
1400000US37155960702,12.4,4062.793639935136,4
1400000US37193961002,8.9,6318.494395531234,0
1400000US37183054018,10.2,957.3238941299188,30
1400000US37183053415,7.7,366.2805637956874,6
1400000US37157041400,11.4,169.01434841660853,11
1400000US37183053424,7.3,1783.060466623106,17
1400000US37183053513,8.8,1519.724254583114,17
1400000US37155960102,10.9,2398.7846295693016,1
1400000US37155962002,12.9,10179.190294999224,0
1400000US37179020404,10.7,907.2224983440252,7
1400000US37183053109,8.3,2756.896274628038,5
1400000US37183052406,9.5,1327.248332272574,22
1400000US37155961601,12.1,3069.553862047976,1
1400000US37161960800,11.7,456.6959619282747,10
1400000US37183051400,8.8,1233.1382075133154,40
1400000US37171930502,10.5,1900.1162134588517,11
1400000US37183052602,7.9,134.58166930630114,31
1400000US37197050501,9.5,918.5755583343508,3
1400000US37183053610,8.0,2277.0157496145857,24
1400000US37159051201,9.2,2830.628925752282,4
1400000US37179020403,9.2,2596.592080764163,12
1400000US37191000601,12.4,2905.832987713643,3
1400000US37193960500,10.9,536.3519270835375,8
1400000US37173940100,12.0,3462.446026493217,1
1400000US37183052707,9.5,1344.2231663521177,29
1400000US37167931201,10.8,840.7617648275104,7
1400000US37171930802,10.1,11276.776754880444,0
1400000US37157041100,9.5,6022.05916324923,0
1400000US37183054206,8.5,1347.085617338517,7
1400000US37195001600,10.2,5984.504209884259,0
1400000US37183053517,9.4,815.0613140394531,14
1400000US37161960400,9.6,4384.249571767514,1
1400000US37183053520,8.3,1309.3171112049392,12
1400000US37183053105,8.9,1463.4647427122,6
1400000US37179020502,9.4,4464.907621000233,3
1400000US37183054204,8.5,1568.2943035854562,7
1400000US37151031601,10.4,1774.806025859892,39
1400000US37183053603,7.1,1953.5713623753331,13
1400000US37195001500,9.7,6215.574042319836,0
1400000US37165010400,10.9,2960.856362961796,1
1400000US37167931000,9.1,4407.258306073638,2
1400000US37157041001,9.6,6499.817288280268,0
1400000US37183052504,8.0,1214.7160935576997,20
1400000US37199960101,9.8,9149.24292897278,0
1400000US37155960401,12.2,7048.706014537725,0
1400000US37183053512,7.6,629.7718335953048,20
1400000US37191000304,10.4,4742.782946835548,1
1400000US37155960503,12.4,6347.749004213108,0
1400000US37167930300,9.4,1903.7876046387455,2
1400000US37183054013,8.1,1707.6168779170275,11
1400000US37159050300,10.1,954.0516721358604,18
1400000US37193960100,9.5,8668.680871122819,0
1400000US37179021006,8.0,2746.4688478568733,5
1400000US37199960400,9.2,6789.185793926651,0
1400000US37179020701,10.9,4956.040109889123,1
1400000US37183053107,9.0,2785.834288633068,4
1400000US37183053712,7.8,948.3912226795228,15
1400000US37183053721,7.4,2435.318951730109,7
1400000US37157040800,10.4,564.4606713820008,5
1400000US37193961200,9.8,9046.1814035161,0
1400000US37181960100,10.9,4230.224533948224,1
1400000US37155960600,12.7,7183.633861988794,0
1400000US37171930700,10.0,7193.745421312407,0
1400000US37183053507,8.4,947.1583528390776,19
1400000US37183052701,9.3,326.95345789045325,32
1400000US37183052505,8.6,1558.4926668814992,13
1400000US37191002000,12.7,2080.636433922539,6
1400000US37183053525,7.7,888.532067222868,17
1400000US37189920601,11.6,344.84477861135406,11
1400000US37159051901,9.5,5604.292435939607,0
1400000US37183054105,8.8,1893.51338588519,15
1400000US37155960201,11.5,3024.436284722691,1
1400000US37155961400,11.0,11203.435003683257,0
1400000US37183053106,9.2,2571.971348701007,7
1400000US37175960402,8.5,1611.1096725155408,1
1400000US37157040900,10.5,903.5985823208345,6
1400000US37151031503,10.0,1651.3803479364474,27
1400000US37195000501,8.6,1238.9705340525556,23
1400000US37183052802,9.4,361.4679259204338,20
1400000US37189920500,12.1,1475.1346326996313,11
1400000US37183053602,6.9,1041.25394503828,24
1400000US37179020314,8.6,2501.482726882677,6
1400000US37179020702,10.1,6159.998084457907,0
1400000US37183052904,9.0,3908.240600340337,1
1400000US37163970200,10.0,18545.333871860625,0
1400000US37155961302,11.8,2090.565918786568,7
1400000US37183053421,7.8,2475.7095191594003,10
1400000US37179021015,8.8,5740.038096790396,0
1400000US37181961000,10.9,6910.349425313957,0
1400000US37195000300,13.0,731.8524411554342,24
1400000US37183054209,8.3,2003.309604005985,10
1400000US37155960402,12.0,7402.045305644211,0
1400000US37183054205,9.4,1341.416548806871,5
1400000US37159051102,9.8,2181.508256658449,5
1400000US37183051101,11.4,403.7955390011592,35
1400000US37189921000,8.6,13367.780584046008,0
1400000US37183053416,7.9,1245.5787812189426,18
1400000US37155960502,13.0,4612.482366561452,1
1400000US37199960200,9.5,5789.492365047137,0
1400000US37189920800,8.4,6731.826994205386,0
1400000US37159050201,10.5,1350.4523083332138,7
1400000US37159051302,9.4,5260.432546560579,0
1400000US37165010200,13.3,2255.8501444937438,6
1400000US37183052301,9.7,2573.4538750952875,18
1400000US37157040400,11.3,4494.996113002049,3
1400000US37159051600,9.6,1791.7152760031183,4
1400000US37191000200,9.9,11581.00480375978,0
1400000US37183053506,7.5,590.9363618247982,22
1400000US37171931002,9.5,593.1885241849069,2
1400000US37153970900,10.0,1137.3916671594352,7
1400000US37167930900,9.4,1280.520022696085,1
1400000US37195000801,13.9,796.629177906638,23
1400000US37189920703,9.0,2283.9556143879654,11
1400000US37171930301,9.3,3237.085350092878,5
1400000US37183053601,7.4,1312.351585850514,6
1400000US37171931101,10.5,7984.438263079748,0
1400000US37183052809,9.5,3686.7990960109782,2
1400000US37153971100,11.7,2839.596100633625,2
1400000US37183053900,8.3,7879.996299707135,0
1400000US37187950100,11.1,13425.204235777735,0
1400000US37183053711,7.7,2123.867004184319,17
1400000US37179020311,8.9,2487.0039883354693,6
1400000US37167930700,9.7,8298.765349285446,0
1400000US37181960600,12.3,3370.160076296724,2
1400000US37193960200,10.2,14924.102199768156,0
1400000US37191001000,9.7,13782.110918105313,0
1400000US37183053204,9.0,896.0054525649691,6
1400000US37163970800,11.1,5089.546988690109,0
1400000US37179020316,8.8,2120.115747120757,9
1400000US37183051200,8.7,136.32370993493618,46
1400000US37191001200,10.4,970.4724721360288,8
1400000US37171930600,9.6,839.9183574491209,7
1400000US37183054211,8.1,4211.670124650422,1
1400000US37191000901,10.4,3812.127942931844,1
1400000US37183053414,8.1,1511.377223631126,10
1400000US37183053608,7.1,1475.3448159760355,32
1400000US37183052801,8.7,973.0302823671344,16
1400000US37189920300,9.0,2726.492806702009,1
1400000US37183053519,8.9,1109.9165298403077,21
1400000US37183050900,12.6,550.0069847381185,37
1400000US37183053806,7.8,4394.662327720252,2
1400000US37183052407,8.8,728.8165300294761,21
1400000US37163971000,10.5,23399.36436100561,0
1400000US37183054007,8.5,966.7171422557832,15
1400000US37179021012,8.2,2855.678133223629,3
1400000US37193960700,10.8,2134.971859101254,15
1400000US37183053715,7.9,1396.0936801754578,18
1400000US37169070100,9.7,12332.79625551636,0
1400000US37155961900,12.6,18768.81327946138,0
1400000US37183051800,7.7,928.1977919479186,43
1400000US37179021009,8.0,2277.5629932736506,3
1400000US37191000101,9.9,8595.00656353649,0
1400000US37195001300,10.4,1366.206758071456,2
1400000US37157040602,9.5,5007.040091602789,0
1400000US37183052807,9.1,2669.2166168450526,2
1400000US37161960100,10.2,13463.30188811172,0
1400000US37183050300,8.2,276.2886422442651,43
1400000US37157041602,9.6,5613.271613341197,0
1400000US37155961100,13.4,1040.3490335914948,3
1400000US37169070400,10.2,7952.907887383525,0
1400000US37195001100,10.7,8515.837690892513,0
1400000US37155961801,13.5,7919.976539429786,0
1400000US37155960802,13.1,2572.5183086902834,5
1400000US37183053408,7.2,1314.8383063480376,10
1400000US37195000900,10.1,4182.392831645143,1
1400000US37191000402,10.3,4360.514273150332,1
1400000US37153970700,10.9,1479.5627217860026,2
1400000US37159050700,11.0,1965.7708619600965,4
1400000US37159051400,9.7,3547.288966163976,6
1400000US37159051204,9.4,1562.6402104015754,7
1400000US37183052409,9.6,730.8084314805749,39
1400000US37153970100,10.3,18264.31366511517,0
1400000US37175960300,9.0,1582.8329350238876,3
1400000US37183053725,8.3,1285.8614166220166,17
1400000US37183051700,7.4,2211.7027448472804,38
1400000US37179020202,9.2,7739.613905809009,0
1400000US37191000303,10.1,6314.266120497878,0
1400000US37183054015,9.2,1493.345691589613,24
1400000US37173960301,10.1,16553.53259441256,0
1400000US37183053604,6.9,1755.2735392496686,15
1400000US37183053007,7.5,3042.819438418638,8
1400000US37195000200,14.6,323.89547111636745,23
1400000US37191001800,13.2,1340.0164511982775,8
1400000US37195001000,10.3,9720.6351140609,0
1400000US37171930400,11.3,1151.3369544040931,10
1400000US37183052705,9.0,967.7667230725868,35
1400000US37157040102,9.5,10186.27177891892,0
1400000US37179020204,9.3,8082.25585353719,0
1400000US37191001400,12.1,1401.7970540795452,11
1400000US37183053523,7.8,958.2709128707396,20
1400000US37197050102,10.0,8965.493560433722,0
1400000US37183054011,7.8,1159.9864416400644,16
1400000US37163970600,10.7,854.7216095539179,9
1400000US37161961200,10.0,7439.501425601838,0
1400000US37183053412,7.6,2901.4668395134454,3
1400000US37183054114,8.7,1560.2335683159718,13
1400000US37183054403,9.1,2723.1635768874,3
1400000US37183053202,7.8,2214.8581818429598,5
1400000US37195000600,10.5,1795.4085571569765,21
1400000US37159050904,10.3,8603.806705901914,0
1400000US37157041300,11.1,4343.1522669802525,1
1400000US37191000500,9.9,770.0170215006381,11
1400000US37185950300,12.2,14286.843119888894,0
1400000US37193960400,10.2,13712.618748062374,0
1400000US37183054017,8.5,869.4147461031284,22
1400000US37175960500,9.8,6406.483118315795,0
1400000US37161960900,10.7,1880.011989374865,5
1400000US37155961301,9.5,3491.303792361477,4
1400000US37171930201,10.5,5652.864186272017,0
1400000US37183053521,7.4,2380.8554415245026,14
1400000US37183053516,8.5,1416.39955002221,16
1400000US37199960300,9.7,9147.706196817877,0
1400000US37153970500,10.9,1538.7038429175238,4
1400000US37193961100,9.9,1439.5841735339889,10
1400000US37191001301,9.8,1748.2732223057076,11
1400000US37167930101,9.3,3844.210240321803,1
1400000US37183052002,11.7,1201.8866411220936,33
1400000US37183052001,11.5,559.1977683161151,34
1400000US37183052506,7.4,825.4384456509565,13
1400000US37179020602,10.6,2557.670016615963,8
1400000US37183053005,7.6,1445.428601434419,11
1400000US37161961101,10.2,6975.184156766697,0
1400000US37159051902,9.8,7295.47449928817,0
1400000US37163970700,10.6,4036.2331670729177,5
1400000US37169070501,9.8,1763.4912554795117,3
1400000US37183053419,7.8,372.90879006311513,21
1400000US37183054004,8.8,853.3512676236743,29
1400000US37183052603,7.5,1252.7744981501546,35
1400000US37157041002,9.6,5486.2866744334415,0
1400000US37193960600,10.7,727.4813372050661,11
1400000US37155960101,11.8,4178.742002884758,1
1400000US37183054113,9.2,2386.969912007377,8
1400000US37179021011,8.1,277.53171420441515,2
1400000US37197050502,9.8,3374.424974668661,1
1400000US37151031505,9.2,3331.954439368721,3
1400000US37183051600,7.5,1780.143494504452,46
1400000US37171930101,10.5,8477.41055297636,0
1400000US37181960800,12.2,1283.5092789623448,7
1400000US37183054109,8.9,5964.761817930739,0
1400000US37159051301,9.7,2126.4290832701904,2
1400000US37159050400,12.5,891.8279076761061,15
1400000US37195001700,10.2,6032.978805246739,0
1400000US37183054208,8.4,1137.7642822738478,8
1400000US37187950200,11.2,5599.14617197757,0
1400000US37183052302,10.0,982.781077273996,40
1400000US37183054016,8.3,650.078014071541,19
1400000US37161960500,9.8,1195.9252819324622,5
1400000US37191000602,11.1,9672.824922176276,0
1400000US37179021005,9.5,8252.313874560192,0
1400000US37183053111,8.5,3988.255182175023,2
1400000US37155961602,11.2,13634.62436880311,0
1400000US37183053713,8.7,1462.757323878809,15
1400000US37183053425,6.9,455.6593729319901,13
1400000US37179021008,7.8,2483.935293880203,2
1400000US37183053518,8.1,885.6674241207239,19
1400000US37159051001,9.7,3583.530099184873,2
1400000US37185950103,11.8,28342.13576135901,0
1400000US37155960801,13.2,1819.7802464154988,6
1400000US37181960200,11.1,12311.320844172127,0
1400000US37171930901,9.7,804.5465551275103,4
1400000US37167931100,9.8,9301.477061043195,0
1400000US37179021007,7.8,3034.310858305158,2
1400000US37183053110,8.8,565.6071385260544,2
1400000US37191001900,12.6,1109.62443062263,12
1400000US37183053716,8.7,1129.0299144633243,20
1400000US37189920100,9.4,9356.21595032124,0
1400000US37183053606,8.0,1835.5990180637184,20
1400000US37171931102,9.7,3927.062826111542,1
1400000US37159050901,9.8,7070.163371121525,0
1400000US37157041500,10.0,807.3167557427662,11
1400000US37183052903,8.3,2796.667982750012,6
1400000US37179020310,8.2,4840.235438609947,2
1400000US37199960102,10.4,6620.216137321768,0
1400000US37159051202,10.3,1828.1292362085649,4
1400000US37183054302,10.6,1470.3597508319676,4
1400000US37183051501,7.3,2641.595995808609,24
1400000US37183053722,7.7,1054.520430961996,14
1400000US37183054012,7.6,1329.598252466232,24
1400000US37179020313,9.3,1200.861175240041,8
1400000US37163970302,9.5,21686.03275426869,0
1400000US37197050300,10.5,5377.846901576588,0
1400000US37155960701,11.5,6789.030777458016,0
1400000US37183053108,8.6,4304.915644739374,1
1400000US37161960700,9.9,3121.657611325081,5
1400000US37183050400,9.5,452.59181436961705,45
1400000US37185950400,11.5,17736.747618085086,0
1400000US37179021010,8.0,4438.557962665404,2
1400000US37177960100,10.4,33998.05197271211,0
1400000US37183054106,9.9,1501.902462255108,12
1400000US37191000700,11.7,2111.841539079556,2
1400000US37159051501,10.2,1516.7319069675182,8
1400000US37167930500,10.5,3436.625644889995,3
1400000US37183053203,8.2,1884.612433639409,6
1400000US37183054104,9.2,1930.969206454084,11
1400000US37173960302,10.4,7131.225542157717,0
1400000US37183053803,7.6,1212.300822547715,2
1400000US37183050500,9.1,691.6932194142771,47
1400000US37153971000,11.5,6872.535554944012,0
1400000US37171931200,9.6,2438.5502728061847,1
1400000US37195000802,12.7,2009.840652295599,8
1400000US37167930200,9.2,3729.078166147257,4
1400000US37191001101,9.6,4118.832916496138,1
1400000US37183054203,7.9,1565.0242675161094,5
1400000US37183053719,7.7,1718.2276800165891,10
1400000US37191001102,9.2,2954.3818101246584,3
1400000US37155960300,12.0,826.1792203775046,3
1400000US37169070504,9.9,6634.39542754032,0
1400000US37179020307,9.0,963.2179986488984,15
1400000US37183052102,11.3,1047.3062179885733,28
1400000US37179020401,8.9,1529.012342475282,7
1400000US37183052902,8.8,5091.741862283824,0
1400000US37175960100,9.6,8162.896417165974,0
1400000US37159051802,9.3,8184.466203354055,0
1400000US37155961000,11.3,1160.8047265121495,9
1400000US37183053207,8.1,3287.9039130210194,3
1400000US37163970400,9.8,18471.125409386797,0
1400000US37193961001,9.8,8742.541569628374,0
1400000US37183053509,7.4,1276.1314592990443,22
1400000US37183052404,8.6,1869.0352822749196,25
1400000US37153970300,10.7,1164.1290441695232,2
1400000US37183053009,8.8,2069.9669240740373,14
1400000US37189920701,9.1,7741.759260053727,0
1400000US37167931202,10.0,1380.4353009433266,3
1400000US37165010500,11.6,4914.7960728932,1
1400000US37171930501,9.3,2127.273672963841,2
1400000US37155961500,10.9,7569.439195628244,0
1400000US37183053205,8.4,1205.8618009096062,8
1400000US37183053714,8.0,485.4901766613825,14
1400000US37191000401,9.8,7973.301130805188,0
1400000US37179020601,10.3,862.155582564873,9
1400000US37183053423,7.8,455.66400532499256,18
1400000US37183050700,11.2,713.1869284508425,39
1400000US37179020901,9.7,13766.4952636862,0
1400000US37159051801,9.9,7117.36530403448,0
1400000US37183052706,10.0,1295.9805349492228,36
1400000US37183054111,9.5,4985.581199016355,1
1400000US37183053707,8.4,1423.5016994785296,17
1400000US37183051102,11.7,1118.1947800817109,42
