GEOID,nearest_hw_dist_m,hw_count_5km
1400000US37063001706,1371.7563187664753,10
1400000US37183050300,276.2886422442651,43
1400000US37067002701,1049.3394305191835,18
1400000US37183053409,2541.4528341067444,11
1400000US37111970100,1899.796004955862,2
1400000US37119005518,2104.9444811919793,4
1400000US37051003309,2157.8508877435206,14
1400000US37081013700,930.2823029057317,35
1400000US37135010703,321.17356961194287,13
1400000US37097060100,86.77768688534252,19
1400000US37183053723,834.9690009744892,13
1400000US37119005307,1744.3219849931882,38
1400000US37081010404,1347.8139519065896,44
1400000US37119005827,559.2338569122531,24
1400000US37119003108,814.3457838957949,26
1400000US37183051400,1233.1382075133154,40
1400000US37119005306,644.0292581674956,47
1400000US37031980100,32132.868577538295,0
1400000US37049960700,1035.3446826000843,6
1400000US37119004600,602.0166183253375,58
1400000US37183054001,881.2916830561304,26
1400000US37161960200,10117.52425544791,0
1400000US37107010600,1365.0663438689535,7
1400000US37091950100,5404.223003164411,0
1400000US37097060601,855.392744119018,15
1400000US37129011903,1407.2445431267192,24
1400000US37147000301,1664.7215590284598,17
1400000US37119005816,973.8096210112883,8
1400000US37081012511,2473.7729582513484,42
1400000US37017950100,17237.25893810734,0
1400000US37119000600,689.4128221415075,60
1400000US37101041300,13642.625319364499,0
1400000US37073970200,16484.20440958081,0
1400000US37031970603,1597.0047730642634,3
1400000US37031970605,686.1897354084923,6
1400000US37081012610,1427.4712448250568,44
1400000US37141990100,5869.972444222903,0
1400000US37135011400,635.3402186787797,19
1400000US37081014200,805.2244725288402,52
1400000US37063002300,594.7983040328676,25
1400000US37193960400,13712.618748062374,0
1400000US37021000900,924.9722758390374,31
1400000US37067004011,1458.3478054317065,6
1400000US37183051600,1780.143494504452,46
1400000US37177960100,33998.05197271211,0
1400000US37051001000,1890.1742357401006,20
1400000US37045951100,978.5635991096883,11
1400000US37021001300,1611.4916089070475,12
1400000US37119001510,838.8511375892152,21
1400000US37119005840,1566.1383135940873,9
1400000US37067003107,1519.9580504270716,15
1400000US37165010600,11764.531401122385,0
1400000US37119005711,2825.8105323540867,8
1400000US37103920100,19529.592518367248,0
1400000US37071032301,1195.0141407924493,5
1400000US37183053513,1519.724254583114,17
1400000US37081010500,738.7430139901326,51
1400000US37117970400,13854.081849475724,0
1400000US37117970500,7225.891582624951,0
1400000US37117970100,14511.236972722007,0
1400000US37183053106,2571.971348701007,7
1400000US37119005517,4304.340823854507,3
1400000US37183052409,730.8084314805749,39
1400000US37067003909,1262.161597555933,19
1400000US37119001920,1081.0825413903008,25
1400000US37183054014,996.0615457227216,17
1400000US37067002702,786.536582631165,25
1400000US37191001400,1401.7970540795452,11
1400000US37183053204,896.0054525649691,6
1400000US37135012201,3292.1231363637708,10
1400000US37195000501,1238.9705340525556,23
1400000US37081012504,564.8483283156534,62
1400000US37025040900,1890.3173134015185,13
1400000US37119005712,1774.3631905610273,13
1400000US37081014409,1568.602615552216,15
1400000US37063001301,218.39358906698772,23
1400000US37063000900,642.8511544714705,22
1400000US37025042601,1757.6736651592716,12
1400000US37023021302,12137.866687618893,0
1400000US37071032508,4754.630570396116,1
1400000US37183053422,1951.1938942130853,14
1400000US37135011602,699.8027785896592,18
1400000US37183053719,1718.2276800165891,10
1400000US37081010900,313.0626012904104,49
1400000US37163971000,23399.364361005606,0
1400000US37047930500,11738.270163802807,0
1400000US37119001608,1570.6713032166685,35
1400000US37081010601,790.1170690710079,50
1400000US37063002023,1310.3243211909162,14
1400000US37097060701,1898.0017992766961,1
1400000US37119002004,3617.4467703513565,19
1400000US37119001915,631.2547827498634,22
1400000US37055970602,1924.7827426861322,3
1400000US37135011901,1385.562499088839,19
1400000US37067003804,505.3774606416868,15
1400000US37119004500,131.9954887082869,59
1400000US37183054008,923.3636886690664,24
1400000US37183053519,1109.9165298403077,21
1400000US37183052002,1201.8866411220936,33
1400000US37119005403,1990.8907104374987,37
1400000US37119003500,670.0719583861563,53
1400000US37119004305,845.9446451510483,46
1400000US37021002205,2291.1501254038503,12
1400000US37081012611,1866.4775043286008,41
1400000US37067003307,492.102266450947,24
1400000US37063001501,358.1354943318944,26
1400000US37081010200,777.2624755660352,36
1400000US37157041500,807.3167557427662,11
1400000US37075920300,8608.007954828267,0
1400000US37129011100,1271.6395731315997,32
1400000US37051003312,3772.6792052626643,3
1400000US37081010100,1023.3680300065787,28
1400000US37019020504,4010.043457883553,1
1400000US37049960600,1748.6661453668878,6
1400000US37097060300,1011.4641650834287,16
1400000US37051003307,869.5367269462735,5
1400000US37051001902,1405.4034995895381,16
1400000US37119002100,1184.3795481728414,34
1400000US37185950400,17736.747618085086,0
1400000US37021000600,675.5928832252972,27
1400000US37051003403,3658.7931996294733,2
1400000US37183050500,691.6932194142771,47
1400000US37081011602,556.6173759391002,44
1400000US37085071202,5466.528690404655,0
1400000US37085071202,5466.528690404655,0
1400000US37031970903,5331.955817831244,0
1400000US37057060700,1096.39628632606,16
1400000US37119001603,1742.8431977238158,45
1400000US37155961200,1912.224912977238,8
1400000US37119005612,1505.8516629081885,14
1400000US37183053726,606.8739323932697,13
1400000US37119005709,657.3636243726944,20
1400000US37133000103,8937.634796296725,0
1400000US37067002703,1270.5402183852357,28
1400000US37017950600,17826.051125380138,0
1400000US37067003805,432.5708801237984,23
1400000US37183054012,1329.598252466232,24
1400000US37119980300,288.197005420263,53
1400000US37163970900,18172.028869380618,0
1400000US37163970900,18172.028869380618,0
1400000US37119005605,918.0462111495623,15
1400000US37081011200,503.1380365934873,52
1400000US37191000200,11581.00480375978,0
1400000US37065021300,4167.929071620027,1
1400000US37107010500,1446.3019993427306,9
1400000US37051002300,1159.6524632944834,12
1400000US37175960500,6406.483118315795,0
1400000US37195000100,225.08071850476284,27
1400000US37009970800,6732.787062622623,0
1400000US37119001918,917.8426151030127,31
1400000US37081012604,1115.5632903123471,47
1400000US37119005619,3623.699003510823,4
1400000US37119006303,1462.7761889866867,13
1400000US37001021000,871.8836710682518,18
1400000US37129010200,380.460794424639,34
1400000US37067003903,1342.8262593884274,29
1400000US37021001100,1601.2455426118906,21
1400000US37183053408,1314.8383063480376,10
1400000US37119005834,856.2056232598133,19
1400000US37037020600,4542.533757033576,1
1400000US37087920900,704.7229862963005,3
1400000US37193960900,16714.71729601779,0
1400000US37119006406,1177.3673615341986,10
1400000US37183054015,1493.345691589613,24
1400000US37081014503,962.1798844012521,27
1400000US37183053806,4394.662327720252,2
1400000US37067002100,414.50660295139215,35
1400000US37119005828,1306.5911546500959,21
1400000US37153970200,15282.509953602386,0
1400000US37135011300,516.0059075975842,18
1400000US37073970100,23229.542353031087,0
1400000US37067000500,836.1119998149056,38
1400000US37051003311,1316.1955632945824,9
1400000US37133001500,985.473306740759,22
1400000US37183051102,1118.1947800817109,42
1400000US37081012608,711.2445683421058,42
1400000US37081010702,299.1235666584233,61
1400000US37049960300,4981.026295974177,1
1400000US37041930101,3320.2845498613938,2
1400000US37133990100,3644.051603797664,1
1400000US37025041901,211.97313239431236,19
1400000US37023020201,13859.36563844976,0
1400000US37121950100,19241.72655359567,0
1400000US37001020100,119.14097400139929,27
1400000US37065020700,11491.235802126324,0
1400000US37167931201,840.7617648275104,7
1400000US37063002026,1080.1488656562713,27
1400000US37195000200,323.89547111636745,23
1400000US37099950800,16115.543368006578,0
1400000US37015960400,7943.25639659372,0
1400000US37119006006,1342.5609161493471,21
1400000US37075920100,5039.5083773204615,0
1400000US37183053716,1129.0299144633245,20
1400000US37081016010,1828.8602502984838,33
1400000US37119003806,1870.3530490802482,41
1400000US37119001100,816.2563974402631,59
1400000US37109070100,617.1918266687807,10
1400000US37127010400,1066.7971954865309,23
1400000US37119005815,1866.8163315525803,7
1400000US37195000801,796.629177906638,23
1400000US37063000402,594.253967470756,25
1400000US37081011000,611.5363642854454,41
1400000US37183050600,848.475649563736,43
1400000US37051000600,1246.4168527840975,28
1400000US37119004800,807.4996668320688,64
1400000US37083930300,1879.3223324532732,4
1400000US37119001400,907.1742727317309,59
1400000US37119003203,1142.584582821131,32
1400000US37119005915,497.50846062481895,46
1400000US37081015705,1227.77211922537,16
1400000US37195000300,731.8524411554342,24
1400000US37115010200,16503.24035693279,0
1400000US37047931300,16458.179573059057,0
1400000US37063000302,708.8827670945186,29
1400000US37195000600,1795.4085571569765,21
1400000US37079950102,9335.319871063806,0
1400000US37149920200,9295.201594810758,0
1400000US37119000800,1029.9986420045307,64
1400000US37135011601,315.57420604372777,18
1400000US37095990100,73711.67579769061,0
1400000US37071030501,4027.7120590050004,5
1400000US37173960301,16553.53259441256,0
1400000US37119003300,965.2291446710027,47
1400000US37031970602,3486.8714155768766,1
1400000US37129011300,622.5582756342689,25
1400000US37195000502,751.5058700299749,20
1400000US37015960300,8950.834479449633,0
1400000US37183052408,1113.3393866607714,31
1400000US37119002400,505.5438694085619,54
1400000US37133001800,474.4274070958582,16
1400000US37119001000,619.7194379152296,59
1400000US37081014411,1035.5071383608092,22
1400000US37095920100,55659.06184457575,0
1400000US37129011703,2800.971553860576,5
1400000US37025040800,951.0882720411321,9
1400000US37119005826,1364.2834228526397,14
1400000US37087920102,16544.219788648443,0
1400000US37151031602,666.9773448259897,43
1400000US37159050400,891.8279076761061,15
1400000US37119005811,1120.4908783690278,18
1400000US37119001606,900.5896562856699,39
1400000US37115010500,4130.136186216931,2
1400000US37129990100,3463.8195933986653,1
1400000US37119005200,228.40028095255278,63
1400000US37081010602,274.8411472902279,51
1400000US37119004302,809.5271237123505,45
1400000US37181960800,1283.5092789623448,7
1400000US37119001605,597.7094501011251,48
1400000US37067002200,666.519571348889,35
1400000US37061090400,2290.3789546624944,2
1400000US37031971001,8275.417077211754,0
1400000US37067004005,2536.4859973547523,4
1400000US37071031003,781.5698398589043,9
1400000US37051002401,2515.690324045369,12
1400000US37071032100,215.0588898481642,19
1400000US37071032506,1659.9830335074987,9
1400000US37119006208,757.7443993219492,8
1400000US37067003201,994.9364970757698,25
1400000US37147000702,1231.390269651581,19
1400000US37019990100,6977.1743730483095,0
1400000US37119001802,649.4694168654851,36
1400000US37019020309,8874.545074554753,0
1400000US37071032302,549.4419021841859,10
1400000US37035010900,707.8036014093931,33
1400000US37097061203,3431.8655176482175,3
1400000US37119005305,1516.2489470233154,42
1400000US37119003017,2706.0743239566414,6
1400000US37057061000,1354.4811248186688,16
1400000US37081011500,895.1358274631459,53
1400000US37119003902,1606.5962757639618,44
1400000US37111970300,2131.3956698236407,3
1400000US37191002000,2080.636433922539,6
1400000US37183053008,2115.83112835571,6
1400000US37081012804,453.52166339466135,31
1400000US37081012510,1125.950468540035,23
1400000US37113970200,17311.896496307614,0
1400000US37071032702,1812.148116441136,13
1400000US37199960400,6789.185793926651,0
1400000US37099950700,14029.829343956855,0
1400000US37063000101,1335.5025696760144,25
1400000US37079950300,3070.2207093433976,1
1400000US37183052506,825.4384456509565,13
1400000US37051003406,1800.0835454294042,5
1400000US37067000100,131.06358405575904,41
1400000US37183053715,1396.0936801754578,18
1400000US37181960600,3370.160076296724,2
1400000US37081013602,764.104379665146,30
1400000US37081013602,764.104379665146,30
1400000US37159050300,954.0516721358604,18
1400000US37067003702,1470.4445389113066,22
1400000US37173980200,14658.317264115476,0
1400000US37013930200,7108.8887698468325,0
1400000US37067000301,1493.2379340068317,38
1400000US37053990100,31650.50757533729,0
1400000US37183052301,2573.4538750952875,18
1400000US37043950100,21489.40449158275,0
1400000US37085070700,2662.568094239541,3
1400000US37027031401,3982.298860089895,3
1400000US37027031100,8240.763217679074,0
1400000US37027031100,8240.763217679074,0
1400000US37027031100,8240.763217679074,0
1400000US37051002700,14232.252527963288,0
1400000US37061090300,2076.234664689842,1
1400000US37183050700,713.1869284508425,39
1400000US37183052102,1047.3062179885733,28
1400000US37061090801,11700.172006498264,0
1400000US37151030202,2019.9369769675773,7
1400000US37183053607,929.6363218691594,23
1400000US37063001705,1247.5172701778342,24
1400000US37167930900,1280.520022696085,1
1400000US37167930300,1903.7876046387457,2
1400000US37089931400,630.3882297918367,3
1400000US37183054402,4491.243383504373,1
1400000US37129011800,4941.12315546182,1
1400000US37067004007,3668.480302982955,1
1400000US37129011701,1052.1817322768165,20
1400000US37051002503,827.755847718746,4
1400000US37063000600,1827.6190968526407,26
1400000US37063001001,712.3609329181453,19
1400000US37063002015,383.43581341095626,18
1400000US37067003314,3173.397947387416,7
1400000US37119003808,833.8219131839364,33
1400000US37119001607,1272.778657528872,31
1400000US37183053721,2435.318951730109,7
1400000US37105030300,1565.760357296735,10
1400000US37081013900,1101.307057072909,50
1400000US37081015707,3238.452784904359,11
1400000US37067003004,608.7039398531775,13
1400000US37183053610,2277.0157496145857,24
1400000US37019020310,3873.561404633322,2
1400000US37147001003,3116.9890559046935,2
1400000US37147000603,1251.1981581984746,13
1400000US37179021015,5740.038096790396,0
1400000US37081016204,1670.4658847697438,31
1400000US37183054500,848.5675454883593,33
1400000US37081010300,818.8384493466788,36
1400000US37119006204,3120.623337176598,5
1400000US37101040901,3384.2153453741234,1
1400000US37189920601,344.84477861135406,11
1400000US37051003313,2087.792284317209,3
1400000US37097060500,1026.6873127137308,18
1400000US37101040202,5628.233953932144,0
1400000US37101040203,4495.196407031039,1
1400000US37119005404,1148.5077636037522,38
1400000US37101041503,6478.769001360368,0
1400000US37105030502,3435.1220116215513,3
1400000US37097061103,4422.111840659184,1
1400000US37135012202,2807.4657765699485,12
1400000US37133000402,3564.0733780766395,1
1400000US37101041103,5331.647600400574,0
1400000US37101041202,5627.311711975738,0
1400000US37151030302,1473.3296977388027,13
1400000US37101041001,666.2532477367026,6
1400000US37075920200,5345.679111247005,0
1400000US37179021008,2483.935293880203,2
1400000US37123960100,3401.3216750524784,1
1400000US37119003105,1651.1103584031223,23
1400000US37029950101,9053.442224769931,0
1400000US37089930200,8572.513860534853,0
1400000US37071031302,1900.3865555307955,10
1400000US37119001508,1025.5213647226017,21
1400000US37151030502,3818.5776494264205,1
1400000US37097060703,3062.1736212294586,2
1400000US37179021011,277.53171420441515,2
1400000US37081012503,884.2730029027022,27
1400000US37081015600,5184.681176188991,0
1400000US37057060302,1545.5449934574447,2
1400000US37057060601,4588.3089911270035,4
1400000US37057061804,6413.392281640716,0
1400000US37119001912,1107.7454564670547,29
1400000US37155961900,18768.81327946138,0
1400000US37111970700,6024.22581407554,0
1400000US37111970700,6024.22581407554,0
1400000US37111970600,2033.5274566858782,4
1400000US37081012509,1444.7745003262658,45
1400000US37081012508,540.5580996502973,38
1400000US37119001801,422.18700770019075,43
1400000US37119005620,1742.988992433671,8
1400000US37191001102,2954.3818101246584,3
1400000US37191000401,7973.301130805188,0
1400000US37019020103,2834.3745337264004,6
1400000US37179021010,4438.557962665404,2
1400000US37179021012,2855.678133223629,3
1400000US37081016304,3202.201491388308,10
1400000US37021003204,9619.514148295471,0
1400000US37119005715,4144.095483474818,1
1400000US37119005830,1631.3599654795703,15
1400000US37119006404,2222.603230560412,2
1400000US37031970702,7155.415382429718,0
1400000US37021002204,1807.4616100248713,16
1400000US37021002301,1637.5202793584174,8
1400000US37057061902,11485.538220853567,0
1400000US37055970300,3080.2396873207194,2
1400000US37183053506,590.9363618247982,22
1400000US37183053507,947.1583528390776,19
1400000US37067001700,1716.4003050780022,26
1400000US37179020317,2372.847734411573,16
1400000US37021002402,4846.699796440939,1
1400000US37057061300,1257.181090283949,9
1400000US37057061803,563.2055040146208,12
1400000US37057060304,3052.8890557036493,4
1400000US37057060201,3479.5906913307335,1
1400000US37033930100,15052.49940861986,0
1400000US37155960503,6347.749004213108,0
1400000US37081015402,965.226376093816,3
1400000US37051002900,13922.215453220984,0
1400000US37171930801,14080.79973518054,0
1400000US37195000802,2009.840652295599,8
1400000US37161960100,13463.301888111719,0
1400000US37101040100,658.3166613992317,3
1400000US37155960801,1819.7802464154988,6
1400000US37013931000,8223.153720370638,0
1400000US37013930700,19518.572838395397,0
1400000US37013930800,3606.7723809614617,1
1400000US37129012103,310.62287220044703,6
1400000US37049960404,6171.33776795622,0
1400000US37049960900,356.8157609277117,6
1400000US37119002002,1259.2964563626085,23
1400000US37183052707,1344.2231663521177,29
1400000US37001020502,1061.296340572851,14
1400000US37051001200,1812.9374620726712,10
1400000US37051001603,2283.349646005538,10
1400000US37025041501,2886.9976448251036,8
1400000US37025041502,4531.809418546671,2
1400000US37183052504,1214.7160935576997,20
1400000US37007920300,4366.281131100932,1
1400000US37035011802,7855.8684795499785,0
1400000US37183051700,2211.7027448472804,38
1400000US37183053601,1312.3515858505139,6
1400000US37161961101,6975.184156766697,0
1400000US37069060401,9693.81506180399,0
1400000US37119006215,1994.0062185417587,11
1400000US37069060301,3734.3567020261594,2
1400000US37135010705,645.6379422555002,16
1400000US37105030102,974.987957153044,5
1400000US37031990100,62883.885958722385,0
1400000US37157041601,5189.175756946493,0
1400000US37157040400,4494.996113002049,3
1400000US37197050101,9258.787887176113,0
1400000US37197050300,5377.846901576588,0
1400000US37061090600,11528.39317751849,0
1400000US37093980100,12674.62906647532,0
1400000US37119005906,1608.2040561675974,8
1400000US37049960101,6387.960661765421,0
1400000US37129011500,2513.292912350315,9
1400000US37129011500,2513.292912350315,9
1400000US37129011902,177.47131007420552,21
1400000US37129012004,3319.937644416276,6
1400000US37035010700,705.2741234801966,20
1400000US37065021600,15701.287818240702,0
1400000US37035011200,568.6175452662225,13
1400000US37005950300,11469.467703101847,0
1400000US37119004303,1676.9725080209562,33
1400000US37081011904,2120.9505621223493,7
1400000US37001020400,2799.327835590877,11
1400000US37081016007,938.9787306497826,18
1400000US37063002027,341.58154130914755,52
1400000US37119005100,728.1255807656113,56
1400000US37049961303,11483.467601396724,0
1400000US37101040301,4118.53187429898,2
1400000US37157040601,6765.04975854716,0
1400000US37059080700,1623.0836260175672,1
1400000US37153970400,4271.436913446421,2
1400000US37005950100,8101.887494493178,0
1400000US37081014406,1026.6761244905463,17
1400000US37097061404,1108.0017233423148,4
1400000US37119005508,371.5424823828672,14
1400000US37119005817,1374.816141129117,7
1400000US37119005837,795.2455714607208,8
1400000US37007920400,5717.9085271865915,0
1400000US37081012703,1355.2169110848236,26
1400000US37057060602,2087.433814795332,21
1400000US37119005714,2380.3740314398456,1
1400000US37071032800,834.6071505696445,19
1400000US37057060102,2950.833257785409,1
1400000US37067003315,357.693915751307,25
1400000US37067000900,436.7102673336059,36
1400000US37009970500,2320.2770909955134,3
1400000US37009970200,14401.338756080078,0
1400000US37179020307,963.2179986488983,15
1400000US37035010302,3693.2097612069783,5
1400000US37035010101,4610.026261207674,1
1400000US37019020104,2508.762517688061,7
1400000US37019020403,4679.048187871515,1
1400000US37183052406,1327.248332272574,22
1400000US37125950401,6044.127938428359,0
1400000US37067004104,2921.726084870801,1
1400000US37155961802,7270.438416966341,0
1400000US37087921200,4514.326434083738,1
1400000US37119005604,702.7254348014087,14
1400000US37081016410,1713.5315826700637,13
1400000US37097061102,2112.6059990095227,1
1400000US37119006407,1207.1391396319552,12
1400000US37045951601,3155.561504617362,2
1400000US37045951601,3155.561504617362,2
1400000US37067003003,1836.975097392475,6
1400000US37067003308,2279.364666312215,13
1400000US37081016800,2587.682393471248,9
1400000US37067003703,860.3544828266653,4
1400000US37109070800,2057.9450427245442,9
1400000US37157040502,75.67320446758154,2
1400000US37067003908,1839.572368348397,14
1400000US37183054112,1411.0872641271633,6
1400000US37163970200,18545.333871860625,0
1400000US37119005835,1652.1958134986862,15
1400000US37191000302,3209.880186531786,3
1400000US37041930200,13484.979464998438,0
1400000US37183054110,2857.36999025488,4
1400000US37051002501,1605.7025824822194,3
1400000US37035011601,6429.695581523971,0
1400000US37035010304,1212.402372361165,26
1400000US37065021500,13436.37352045964,0
1400000US37089931802,3448.0365607272906,1
1400000US37141920202,5726.887476917098,0
1400000US37127010504,3261.406059378188,6
1400000US37127011000,8943.493591450873,0
1400000US37021002506,2419.787822509757,8
1400000US37021002803,4489.056464808652,3
1400000US37021003201,1397.5814756992245,11
1400000US37135011500,1463.9662697222589,19
1400000US37119004200,715.5587509747282,63
1400000US37147000302,1305.0927529908022,9
1400000US37157040700,6002.650766267268,0
1400000US37157041100,6022.05916324923,0
1400000US37175960401,3676.295814032365,1
1400000US37119005614,2239.0755264107756,10
1400000US37027030700,342.592344202843,10
1400000US37119005914,666.3994848487058,36
1400000US37147001402,7444.87715320865,0
1400000US37171930302,541.7188460090272,10
1400000US37179020902,12566.703398253077,0
1400000US37179021007,3034.310858305158,2
1400000US37067002807,3461.788083369165,5
1400000US37031970805,12057.058779532046,0
1400000US37171930102,2524.369372165476,2
1400000US37119003018,3800.0345989193247,3
1400000US37119003015,2671.512075872948,12
1400000US37107010100,5417.248668054648,0
1400000US37107011100,675.619571598062,2
1400000US37021002703,6603.634059234084,0
1400000US37021003104,6080.774892628218,0
1400000US37175960300,1582.8329350238876,3
1400000US37175960100,8162.896417165974,0
1400000US37067000400,962.2945084061205,40
1400000US37125950100,17866.97165828477,0
1400000US37125950701,3014.269767482092,2
1400000US37021002503,1961.6608388252137,1
1400000US37007920200,994.5703090824067,1
1400000US37127010602,763.040262503703,12
1400000US37147000201,972.3921875927247,17
1400000US37155960701,6789.030777458016,0
1400000US37163970302,21686.03275426869,0
1400000US37163970800,5089.546988690109,0
1400000US37067003002,2987.9063905140297,9
1400000US37165010101,2811.279001451243,3
1400000US37067001200,1610.8420433492254,44
1400000US37067003904,1630.6592629225786,19
1400000US37161961200,7439.501425601838,0
1400000US37147002002,10238.357689225046,0
1400000US37019020201,1057.8402873597277,9
1400000US37135012100,1121.2848914671674,18
1400000US37139960100,1083.5329115374668,7
1400000US37081016102,877.5848472785755,54
1400000US37083930700,16267.804399995674,0
1400000US37089931200,637.4907552130525,9
1400000US37071030901,606.6664208896817,10
1400000US37139960400,1341.5511486096684,6
1400000US37085070802,1025.9494092708328,1
1400000US37191001200,970.4724721360287,8
1400000US37051003103,1684.4276598339716,4
1400000US37139960300,946.0088447884233,8
1400000US37145920200,1252.1987708969732,1
1400000US37057061100,2382.8427728654706,10
1400000US37057060400,2498.994664534246,5
1400000US37109070201,922.7228491706464,8
1400000US37119000100,191.68252078885521,60
1400000US37063001711,57.809560574714304,16
1400000US37119002600,498.7047612694434,60
1400000US37191001800,1340.0164511982775,8
1400000US37031970802,3395.1802593019465,1
1400000US37191000700,2111.8415390795553,2
1400000US37151030100,931.7053036007502,8
1400000US37133000301,14040.52739564802,0
1400000US37023020801,4849.973444168837,1
1400000US37023021100,2212.8548508661383,15
1400000US37133000403,3775.5145423020826,1
1400000US37051001800,799.8046676709606,24
1400000US37087921100,2668.3804810054453,3
1400000US37087920600,3820.0646542802133,1
1400000US37133000102,4754.924042138783,1
1400000US37133000202,6331.612568564787,0
1400000US37183054104,1930.9692064540839,11
1400000US37119000300,150.59144718750687,57
1400000US37087921302,12489.850914851522,0
1400000US37087920500,7241.76002817889,0
1400000US37119005618,2058.91526092821,3
1400000US37071031704,4499.364228154987,1
1400000US37071031402,2144.667947551907,19
1400000US37085070100,2479.3772196933432,4
1400000US37147000400,1189.2761964183355,20
1400000US37189920100,9356.215950321239,0
1400000US37067003404,879.0760848626732,19
1400000US37133002300,4551.113336551924,1
1400000US37183053711,2123.867004184319,17
1400000US37119005524,1449.652663315948,25
1400000US37119006209,1018.0296549191622,8
1400000US37183053413,6801.7122539570655,0
1400000US37183053412,2901.4668395134454,3
1400000US37183053608,1475.3448159760355,32
1400000US37021002101,2726.183977168343,14
1400000US37193961001,8742.541569628374,0
1400000US37025041701,13534.459489677865,0
1400000US37193960802,4388.782944584659,1
1400000US37025041702,11374.771993277263,0
1400000US37105030602,6327.757473813761,0
1400000US37085070902,9373.347346191682,0
1400000US37119006210,2102.0024492380835,12
1400000US37119006103,5143.426309693846,0
1400000US37021001400,662.0510298239783,23
1400000US37129010502,1266.8761409037643,30
1400000US37085071204,10922.626165769929,0
1400000US37085071204,10922.626165769929,0
1400000US37085071201,12851.440046276228,0
1400000US37085071201,12851.440046276228,0
1400000US37093970402,8971.820838051905,0
1400000US37125950302,5703.302163835379,0
1400000US37151031304,2240.5200352625693,1
1400000US37141920602,6099.233283598339,0
1400000US37199960300,9147.706196817877,0
1400000US37077970102,10944.030571416562,0
1400000US37187950200,5599.14617197757,0
1400000US37183052503,1880.2693561620874,18
1400000US37193961100,1439.5841735339889,10
1400000US37119000500,323.72213071429707,64
1400000US37159051001,3583.5300991848735,2
1400000US37159051301,2126.4290832701904,2
1400000US37001020702,565.5211839474789,26
1400000US37001021801,5309.2148303550675,0
1400000US37001021801,5309.2148303550675,0
1400000US37001020501,1199.799496242287,19
1400000US37001021600,3942.1988076559087,6
1400000US37001021901,5559.794611935943,0
1400000US37063001601,2973.0562134192564,6
1400000US37001021803,9463.664120034144,0
1400000US37077970701,11375.167658939621,0
1400000US37067002502,1792.6095703029723,34
1400000US37057062001,4334.718695524149,1
1400000US37139960702,8571.213445389783,0
1400000US37051003405,2859.3099168943986,3
1400000US37013930501,3472.675490899751,1
1400000US37067001902,481.99525380749833,38
1400000US37089932000,8984.865099349568,0
1400000US37089931700,1822.0263898932856,4
1400000US37151031505,3331.954439368721,3
1400000US37087980100,22090.844355910278,0
1400000US37061090502,4333.585493712334,1
1400000US37183053003,491.15920471709785,11
1400000US37085070903,6879.111351948074,0
1400000US37155961100,1040.3490335914948,3
1400000US37135011203,11980.627940403161,0
1400000US37051000900,1317.703100031752,26
1400000US37077970602,6348.689580400795,0
1400000US37155960802,2572.5183086902834,5
1400000US37021001900,986.7849992062761,15
1400000US37127010300,2741.3538717418587,14
1400000US37167930101,3844.210240321803,1
1400000US37089930900,1097.781017866445,11
1400000US37081015500,1248.777997245852,6
1400000US37063002100,7792.301839409805,0
1400000US37025041302,3685.869947467502,1
1400000US37025040500,1871.0674554973941,3
1400000US37063002018,2330.4007095544384,14
1400000US37081012805,1045.860260289976,31
1400000US37051000500,697.678234968769,20
1400000US37153970600,1591.155087108268,3
1400000US37069060302,1150.9288464740023,3
1400000US37127011500,5690.44885837087,0
1400000US37109070700,7012.622164321065,0
1400000US37079950200,11021.488018225367,0
1400000US37119006203,2800.0859953548515,5
1400000US37053110200,5400.823815902166,0
1400000US37141920101,5139.963082473681,0
1400000US37133001400,1874.8327233487087,18
1400000US37017950300,14379.180349984514,0
1400000US37129011605,974.7503983867646,23
1400000US37001021207,1812.8577288851168,6
1400000US37025042102,653.3280668216936,11
1400000US37133001200,2524.6142512660617,4
1400000US37133001300,1933.3134225824617,11
1400000US37049961201,2064.338976271537,3
1400000US37151031000,3323.636062280503,1
1400000US37183052807,2669.2166168450526,2
1400000US37141920501,20162.012560348463,0
1400000US37101040800,2155.348534460385,4
1400000US37045951602,4185.855146548237,4
1400000US37045951602,4185.855146548237,4
1400000US37183053606,1835.5990180637186,20
1400000US37183980100,1225.7209523444994,16
1400000US37051003407,1693.0591422384116,8
1400000US37125950801,2301.4931823462016,7
1400000US37173960302,7131.225542157717,0
1400000US37119005839,1366.411334488404,10
1400000US37183053201,2964.911640179536,1
1400000US37183053206,805.5012707112437,7
1400000US37183053803,1212.300822547715,2
1400000US37183054006,973.8281613610841,21
1400000US37119005512,1225.192839838676,30
1400000US37183053602,1041.25394503828,24
1400000US37071031001,1521.3153614261264,4
1400000US37055990200,17951.23561020621,0
1400000US37119001917,1403.2583584309264,10
1400000US37119001701,813.8165780899334,50
1400000US37181960700,1100.630068928133,6
1400000US37127011101,1463.3761211453243,4
1400000US37025042602,1597.1256185368813,8
1400000US37145920400,658.3387958976915,2
1400000US37023020301,1987.6692899389798,2
1400000US37151030600,6060.58494211915,0
1400000US37037020800,3001.957219585014,1
1400000US37037020106,11675.002892467815,0
1400000US37087921000,2788.2587793359035,2
1400000US37067001400,307.4857811341732,30
1400000US37153970700,1479.5627217860026,2
1400000US37119005520,1899.6502130157064,10
1400000US37067003108,2697.9769155435606,13
1400000US37099940200,6486.983485874775,0
1400000US37023021202,4277.316637858709,1
1400000US37195001700,6032.978805246739,0
1400000US37063002020,1709.1276919293807,14
1400000US37081017200,3287.592570494151,5
1400000US37071031301,2702.6965616727084,9
1400000US37159051303,861.9074041392971,10
1400000US37159051801,7117.36530403448,0
1400000US37183054206,1347.085617338517,7
1400000US37183980200,2681.4018602836977,10
1400000US37019020402,9567.097522605543,0
1400000US37181960900,4047.5723028922102,1
1400000US37119003201,364.15383634739914,33
1400000US37119003006,1595.9013610676907,8
1400000US37119001200,695.8263104258023,56
1400000US37179020315,2411.60694193214,4
1400000US37183052705,967.7667230725868,35
1400000US37183053525,888.532067222868,17
1400000US37137950202,25805.40734067087,0
1400000US37099950300,5789.322201183558,0
1400000US37099950900,22490.49871279342,0
1400000US37131920401,7192.21855343548,0
1400000US37195001600,5984.504209884259,0
1400000US37149920304,2941.0086099286395,1
1400000US37191001101,4118.832916496138,1
1400000US37069060502,3870.991489398108,3
1400000US37047931000,3602.8050418383523,1
1400000US37067001601,501.7443029770952,23
1400000US37001020602,1402.5188296066992,26
1400000US37147000502,1038.984022692525,20
1400000US37037020105,8392.876715855928,0
1400000US37037020104,4875.91670704906,1
1400000US37071030801,1289.297706588016,3
1400000US37071032402,5873.572801074484,0
1400000US37071033307,5708.710312216542,0
1400000US37047931100,9337.416394495755,0
1400000US37003040500,4065.3712566604117,3
1400000US37003040200,4549.374560276976,1
1400000US37163970600,854.7216095539179,9
1400000US37045951501,4900.268090755467,1
1400000US37097061502,431.19203923937414,5
1400000US37119006405,1273.7802140580402,9
1400000US37071030102,379.37956266538265,7
1400000US37071030301,6901.200093674887,0
1400000US37119005847,1711.6119275694825,4
1400000US37069060600,9757.328555740833,0
1400000US37159051101,3627.6245497816253,1
1400000US37097061503,2237.642084360053,4
1400000US37141920203,7751.547195954263,0
1400000US37119005908,3923.1101185981547,13
1400000US37119005824,1222.8071150692563,30
1400000US37151030700,14250.561282078004,0
1400000US37091950401,2694.3160273599387,2
1400000US37155960600,7183.633861988794,0
1400000US37151031200,2189.9480395388923,2
1400000US37179020313,1200.861175240041,8
1400000US37087920300,2422.544493974162,1
1400000US37119005907,1682.0956852508245,20
1400000US37199960101,9149.24292897278,0
1400000US37021003102,5553.122370142364,0
1400000US37047930400,8055.732186909129,0
1400000US37183051000,585.7058023615614,40
1400000US37057060800,441.8054438430848,12
1400000US37189920500,1475.1346326996313,11
1400000US37071030402,4213.179795616726,5
1400000US37071031401,1243.996798305642,24
1400000US37071033500,2572.7128868387085,2
1400000US37039930200,123.40144426997436,1
1400000US37039930602,19948.21376063605,0
1400000US37071030802,1595.5072685770874,7
1400000US37173940100,3462.4460264932172,1
1400000US37183053524,713.2923144200361,15
1400000US37183053111,3988.255182175023,2
1400000US37183053005,1445.428601434419,11
1400000US37081016405,1085.6181771625909,57
1400000US37097061602,837.1665858099848,5
1400000US37129010100,618.2498791221784,23
1400000US37071032703,1595.0006994782423,24
1400000US37183053725,1285.8614166220166,17
1400000US37119005912,132.05072548388483,28
1400000US37119005616,1960.155826626497,15
1400000US37119005833,1709.8868968404727,15
1400000US37199960102,6620.216137321768,0
1400000US37011930400,8950.495166028311,0
1400000US37047930300,17519.665927282946,0
1400000US37119001921,1243.0701104985676,21
1400000US37169070504,6634.39542754032,0
1400000US37169070700,1994.0682517987343,1
1400000US37025042402,957.8566637114433,18
1400000US37067003803,2376.3927239594705,12
1400000US37133000500,9858.550545319018,0
1400000US37119005611,1004.5168012055417,8
1400000US37183054204,1568.2943035854562,7
1400000US37063001900,3001.4829864234434,1
1400000US37045951502,7698.648746962384,0
1400000US37171931101,7984.438263079748,0
1400000US37171930902,2167.211091919054,3
1400000US37113970302,4414.067781086793,1
1400000US37179020204,8082.25585353719,0
1400000US37021000300,276.2782886721926,26
1400000US37067001901,544.1096941608184,32
1400000US37015960100,14974.01845007791,0
1400000US37119001923,844.8335146487301,19
1400000US37119004700,335.75738655770573,74
1400000US37051000200,469.1449216694256,17
1400000US37143920201,12037.562868684272,0
1400000US37053110402,15868.299389400046,0
1400000US37053110301,15030.51727230605,0
1400000US37169070400,7952.907887383525,0
1400000US37081012505,1595.204100594674,54
1400000US37069060802,3821.423945879736,1
1400000US37183053203,1884.6124336394087,6
1400000US37183053425,455.65937293199005,13
1400000US37021000100,52.780173903582046,28
1400000US37113970100,11159.807094074189,0
1400000US37039930500,4763.641519694,1
1400000US37131920100,4686.596820683554,1
1400000US37067000200,762.0501502456128,40
1400000US37031970403,731.1570603413536,3
1400000US37081016701,2276.2153957751484,5
1400000US37159051102,2181.508256658449,5
1400000US37119005716,1628.6165504063813,22
1400000US37119005910,1156.472703350987,23
1400000US37119006107,1881.6926240970713,17
1400000US37045951300,1833.915119951769,7
1400000US37031970601,7868.4493121141395,0
1400000US37081016103,827.8875208507338,47
1400000US37083930200,1393.619521022102,7
1400000US37135011902,1177.6417983261524,17
1400000US37031970200,8587.555532210055,0
1400000US37119005917,436.69950293767613,38
1400000US37063980100,476.31969100294003,56
1400000US37081014501,837.0870458466449,48
1400000US37085070901,8342.307496047286,0
1400000US37183052302,982.7810772739961,40
1400000US37183053523,958.2709128707395,20
1400000US37119000900,342.41264851278254,66
1400000US37133000800,487.41828401101543,2
1400000US37119005916,1603.3790170523114,44
1400000US37183053007,3042.819438418638,8
1400000US37063000102,999.3017658143726,28
1400000US37063001502,425.2108465166513,21
1400000US37063001707,2132.314754007981,9
1400000US37063001806,3564.265054104016,2
1400000US37119005519,1872.8051482078235,8
1400000US37119005509,2460.486794628587,13
1400000US37119005610,1717.729014357669,13
1400000US37195001400,2767.6633694912325,7
1400000US37119005609,1813.7048787645913,14
1400000US37187950300,19295.93274201028,0
1400000US37045951503,2802.3255392043857,1
1400000US37183052101,1476.376574544587,30
1400000US37183054011,1159.9864416400644,16
1400000US37183053105,1463.4647427122,6
1400000US37147001600,6727.339867774325,0
1400000US37119002905,1418.0558295778646,21
1400000US37183053717,229.77978889875052,10
1400000US37155960900,1388.1404537524154,8
1400000US37133000401,7669.534736847102,0
1400000US37021003002,2581.8143976185997,2
1400000US37153970900,1137.3916671594352,7
1400000US37089930502,2331.2601885996364,5
1400000US37159050500,536.7568329689753,14
1400000US37097061101,5876.982469249922,0
1400000US37097061201,2155.115880258909,5
1400000US37027031202,1570.7649312326134,5
1400000US37027030400,455.11512078078357,16
1400000US37097060802,4732.868235224282,1
1400000US37097060902,10097.929459713392,0
1400000US37051003700,7065.856142235552,0
1400000US37061090702,1004.6512575126441,2
1400000US37151030503,6584.264625810309,0
1400000US37063001604,3409.472479107848,4
1400000US37087920200,1036.6011485128172,2
1400000US37051002600,8756.981124158225,0
1400000US37061090100,14828.370201709382,0
1400000US37051003201,2647.884706220571,4
1400000US37183054013,1707.6168779170275,11
1400000US37157041602,5613.271613341197,0
1400000US37125950702,2700.8092185546584,8
1400000US37119001507,770.5789596228534,25
1400000US37119001504,961.3841801574906,31
1400000US37183054113,2386.969912007377,8
1400000US37105030200,726.1825498415083,11
1400000US37089930402,5374.195574388398,0
1400000US37089931901,1482.2629480010883,1
1400000US37063001809,1321.3844708807135,33
1400000US37165010102,2457.9929007896085,4
1400000US37161961102,3610.232682313676,1
1400000US37085070300,3864.5332234240013,6
1400000US37123960402,3699.173141905606,2
1400000US37027030800,4018.5237887276267,2
1400000US37067002604,1974.5710857178672,8
1400000US37067003403,704.1051095203203,16
1400000US37147001800,1198.5866293897723,3
1400000US37085071002,10592.109014157013,0
1400000US37085071101,13223.61286251685,0
1400000US37101040700,433.39146723941326,9
1400000US37183053505,826.0407701040414,14
1400000US37057061202,3549.1119249708463,2
1400000US37031970801,7098.5181143630525,0
1400000US37021002302,1732.770582676087,9
1400000US37031970901,3479.9477057067093,1
1400000US37109071101,1919.7230112258305,5
1400000US37151031400,486.6419531495745,13
1400000US37021001802,2330.874740169765,11
1400000US37031970703,4145.6640993655255,1
1400000US37123960500,13356.82052948864,0
1400000US37123960200,5333.2168664127275,0
1400000US37189920703,2283.9556143879654,11
1400000US37057061701,1969.6361391422734,6
1400000US37057062002,714.1474505341499,3
1400000US37057060303,2907.261725470903,1
1400000US37179020311,2487.0039883354693,6
1400000US37179020308,2431.7293820993127,9
1400000US37179020310,4840.235438609947,2
1400000US37183052903,2796.6679827500116,6
1400000US37183053900,7879.996299707135,0
1400000US37183054302,1470.3597508319676,4
1400000US37105030401,1737.9720830081542,12
1400000US37155961602,13634.62436880311,0
1400000US37081016303,3650.429745486846,6
1400000US37191000101,8595.00656353649,0
1400000US37129010800,815.3871042201399,17
1400000US37129011606,1156.9064589819232,18
1400000US37021002505,2642.479891568997,5
1400000US37183052507,1160.7847083847028,12
1400000US37183053720,3015.986218388076,6
1400000US37191000500,770.0170215006381,11
1400000US37191000304,4742.782946835548,1
1400000US37135011102,5790.123546584567,0
1400000US37077970400,1174.680219218535,6
1400000US37183053405,984.7019488525116,19
1400000US37135010704,3860.260651161358,5
1400000US37063001304,603.3265084886275,23
1400000US37179021004,4947.63327742186,1
1400000US37129011607,155.11849815132965,8
1400000US37129010600,1049.6428694820943,32
1400000US37027030600,1720.7347831674263,13
1400000US37019020308,11714.560585041569,0
1400000US37019020601,11285.076406691456,0
1400000US37019020603,1809.528338934093,1
1400000US37027031201,8960.538443233285,0
1400000US37019020303,7160.404955544832,0
1400000US37019020304,5171.738641321869,0
1400000US37019020102,3651.7987400544507,3
1400000US37119005401,1817.072722705066,41
1400000US37119006106,2035.386187096613,16
1400000US37081013800,312.16295167364325,37
1400000US37081014300,943.8929062482814,55
1400000US37183053707,1423.5016994785296,17
1400000US37179020602,2557.670016615963,8
1400000US37179021013,1133.4489542406068,3
1400000US37059080300,567.8118466858182,2
1400000US37101040400,6697.034681342665,0
1400000US37153970100,18264.31366511517,0
1400000US37129012202,1902.99438260768,1
1400000US37155961302,2090.5659187865676,7
1400000US37081011905,1951.9876078148427,12
1400000US37155961801,7919.9765394297865,0
1400000US37081015901,1409.7909397418862,1
1400000US37081016003,4062.75088131633,1
1400000US37159051400,3547.288966163976,6
1400000US37109070902,7271.175977100667,0
1400000US37067001602,854.5750797899822,34
1400000US37119005713,2502.084250234409,5
1400000US37119006105,1176.583331639226,2
1400000US37101040302,2985.0725636648694,3
1400000US37031971102,2221.3700595323126,4
1400000US37105030503,8046.342432233061,0
1400000US37179020312,1022.7368986009553,10
1400000US37049961100,7754.435392723186,0
1400000US37081015200,3065.952376519837,1
1400000US37081010401,813.0269352238624,50
1400000US37097061002,3273.91972481079,2
1400000US37081016008,2620.1459066911652,9
1400000US37081016006,1663.0382598215201,9
1400000US37081016011,377.5136224794983,58
1400000US37081016406,318.7742698436801,40
1400000US37097061205,5274.256665334881,0
1400000US37035011602,7861.172114011054,0
1400000US37179020203,6610.779964934204,0
1400000US37125950502,8847.188195748737,0
1400000US37033930300,24359.712539197364,0
1400000US37033930400,17868.60578377564,0
1400000US37119005909,880.0753145602756,26
1400000US37013930100,25805.545651236996,0
1400000US37013930600,7646.390399508459,0
1400000US37069060801,457.17642827598485,1
1400000US37051002800,8001.331663226004,0
1400000US37051001604,2395.661113089205,7
1400000US37051003102,2133.2440021492653,2
1400000US37183053714,485.4901766613825,14
1400000US37119005823,2769.231791158722,2
1400000US37119006005,1873.1741619477154,13
1400000US37001020300,1042.1262406518301,16
1400000US37115010600,6110.512611272541,0
1400000US37129011400,861.8135035538196,21
1400000US37183054205,1341.4165488068713,5
1400000US37183054301,6002.213628944509,0
1400000US37049960401,3557.0515872790306,1
1400000US37171930502,1900.1162134588515,11
1400000US37049961202,630.3836771106049,4
1400000US37013930900,10403.232362609035,0
1400000US37151031305,1531.5910116571852,1
1400000US37107010700,1370.0804353044782,7
1400000US37107011001,1109.137629604811,1
1400000US37155960702,4062.7936399351356,4
1400000US37155960401,7048.706014537725,0
1400000US37165010200,2255.8501444937433,6
1400000US37129010700,605.5863648356001,26
1400000US37035011000,607.6624815888069,30
1400000US37061090802,8757.670621489853,0
1400000US37065020600,7021.193307161554,0
1400000US37065020400,491.80607919739253,13
1400000US37065020200,3519.083724029759,12
1400000US37093970102,3296.1676686325986,1
1400000US37161960900,1880.011989374865,5
1400000US37127010503,1753.8056644195804,9
1400000US37127010800,8130.451970354663,0
1400000US37127010900,13122.882551513192,0
1400000US37097061104,3292.6277740261967,2
1400000US37097061405,3302.214678392285,4
1400000US37045950102,9909.110690140307,0
1400000US37125950402,8495.917816825064,0
1400000US37035010201,6016.4173152445655,0
1400000US37093970401,8954.506810153884,0
1400000US37093970101,6421.617948625997,0
1400000US37093970202,3647.68280678359,1
1400000US37049960500,3143.8998954321346,3
1400000US37045950602,484.50774410036905,1
1400000US37157040101,9919.244359454666,0
1400000US37021001000,1506.6100684427759,25
1400000US37093970103,3175.4739740815508,1
1400000US37157041002,5486.2866744334415,0
1400000US37071032900,703.8779745515284,24
1400000US37069060100,9615.759858566253,0
1400000US37135011800,678.5708092614486,19
1400000US37089931600,3428.0789440376902,5
1400000US37061090501,6302.270767840036,0
1400000US37119004000,468.08977839667745,39
1400000US37119004000,468.08977839667745,39
1400000US37183054004,853.3512676236743,29
1400000US37197050200,11185.334915755875,0
1400000US37195001300,1366.206758071456,2
1400000US37197050400,8511.391413578976,0
1400000US37157041200,1794.1178310232606,6
1400000US37157040602,5007.040091602789,0
1400000US37157040501,4283.8680927246605,1
1400000US37129010400,1384.2326956496336,40
1400000US37071033100,1002.822386698275,18
1400000US37157041300,4343.1522669802525,1
1400000US37159051902,7295.47449928817,0
1400000US37183052802,361.4679259204338,20
1400000US37183054111,4985.581199016355,1
1400000US37085070200,4134.533072194293,3
1400000US37183052701,326.95345789045325,32
1400000US37115010400,8089.052262033911,0
1400000US37115010700,5621.387093278936,0
1400000US37159051501,1516.7319069675182,8
1400000US37057060202,3793.0455939978583,3
1400000US37027031000,13225.670877066941,0
1400000US37063002021,2001.331649902165,16
1400000US37161960700,3121.6576113250812,5
1400000US37161960500,1195.9252819324622,5
1400000US37057061500,390.90676720712605,13
1400000US37057061600,1432.6846862168882,11
1400000US37067002601,1486.0747567046303,26
1400000US37081010800,870.1559813802926,57
1400000US37021002604,3857.814511567059,1
1400000US37021002607,2143.6693773685524,6
1400000US37067000801,360.84755019848865,34
1400000US37067000802,173.72288240647927,38
1400000US37057060301,4345.788906427725,1
1400000US37021003202,5191.139529687017,0
1400000US37021003203,3596.437346130133,1
1400000US37081012601,362.4871997506567,49
1400000US37089930703,3349.9832469937724,1
1400000US37183053512,629.7718335953048,20
1400000US37055970502,48507.33554178838,0
1400000US37035010502,3552.6768551391283,3
1400000US37035010402,1043.4028541853045,28
1400000US37035011102,2322.1324670619993,13
1400000US37035011402,6727.907134956963,0
1400000US37035011402,6727.907134956963,0
1400000US37035011504,2446.262076460477,1
1400000US37127011200,7986.1565389655325,0
1400000US37035011801,2264.7498686486138,1
1400000US37067003202,439.89708031016437,25
1400000US37005950200,3919.3527491779855,1
1400000US37019020404,6353.355255033488,0
1400000US37183052808,2432.4436503553893,4
1400000US37183052808,2432.4436503553893,4
1400000US37019020202,8821.573414975508,0
1400000US37081016408,2877.3550098763285,19
1400000US37081016503,222.04026102627208,47
1400000US37051002502,1039.9141248115745,4
1400000US37081016505,2561.520604049905,31
1400000US37111970901,7395.137655409564,0
1400000US37163970301,9543.099325725096,0
1400000US37067001300,472.43467031122145,36
1400000US37191000602,9672.824922176276,0
1400000US37191000601,2905.832987713643,3
1400000US37081017100,2356.6092948511896,1
1400000US37151031501,2369.4024817685186,4
1400000US37067004012,1737.3983873725988,8
1400000US37067003106,8318.306504782719,0
1400000US37057060900,1593.3753130208283,14
1400000US37057061400,359.43830966706383,8
1400000US37071033204,2523.884549085835,13
1400000US37071033303,1067.3919669088887,7
1400000US37123960401,3504.7915919757297,1
1400000US37089931300,809.2958991874716,9
1400000US37089930600,1113.3374816648156,12
1400000US37009970700,5190.924915816047,0
1400000US37103920200,18226.651089896182,0
1400000US37089931902,7061.7583288121505,0
1400000US37089931801,3172.643376314791,7
1400000US37083931000,13853.123029640947,0
1400000US37083930600,6326.553302731405,0
1400000US37081012609,1251.827726958866,32
1400000US37147000100,42.14976316068815,22
1400000US37179021009,2277.5629932736506,3
1400000US37179021006,2746.4688478568733,5
1400000US37179020601,862.155582564873,9
1400000US37081015902,2017.6029011710928,1
1400000US37105030501,4088.6852849381066,6
1400000US37195001500,6215.574042319836,0
1400000US37085071303,8618.70083913499,0
1400000US37085071303,8618.70083913499,0
1400000US37065020300,2065.019825768993,12
1400000US37065021000,2214.062060026326,4
1400000US37035011401,1537.3461338407394,10
1400000US37179020316,2120.115747120757,9
1400000US37119004304,84.94291001369915,42
1400000US37063001503,381.74396902364845,26
1400000US37119006213,4949.469276401588,1
1400000US37119005510,1216.851075440238,19
1400000US37071033305,2830.867631946445,5
1400000US37071030205,5997.123664960127,0
1400000US37175960600,10039.694186379435,0
1400000US37175960200,4270.680967533538,2
1400000US37019020204,7834.882139645466,0
1400000US37019020101,2979.3771881943117,1
1400000US37019020602,9359.117294429514,0
1400000US37019020506,4334.016623127741,1
1400000US37119005846,2098.2892135438365,5
1400000US37119980200,596.0892020007569,47
1400000US37081016101,325.15274741424236,42
1400000US37097061202,868.0724276226913,3
1400000US37031970102,19809.752697252465,0
1400000US37031970501,953.0781529038732,6
1400000US37167930801,2826.9073005987707,1
1400000US37065020800,8515.905851038846,0
1400000US37119005301,537.4924305490183,46
1400000US37081011101,372.4067391706385,34
1400000US37067003309,1641.9933423495045,15
1400000US37107011200,15917.007895826217,0
1400000US37107010400,769.8341907853951,7
1400000US37155960101,4178.742002884758,1
1400000US37147000601,115.62296589338885,16
1400000US37021002603,9845.540525002752,0
1400000US37031970704,7348.652395634382,0
1400000US37007920500,3959.622364857098,2
1400000US37021002701,1299.2288061186073,11
1400000US37179021014,706.689761147672,2
1400000US37019020510,938.027235038178,1
1400000US37119005615,1307.4363777779326,6
1400000US37119005521,1017.7524787058089,10
1400000US37119002906,1159.5454950876172,21
1400000US37007920600,10416.926842496641,0
1400000US37161961000,9125.621889663229,0
1400000US37125950501,5811.610521227069,0
1400000US37125950900,211.2323458841092,6
1400000US37125950301,6532.700278048925,0
1400000US37071032704,2189.563529220218,21
1400000US37071033203,1415.2776119590662,18
1400000US37109071102,2008.7557421985714,5
1400000US37109070300,3642.6193561789287,5
1400000US37085071401,5677.270507413136,0
1400000US37085070500,3009.5949983170804,4
1400000US37081016201,2295.9218199671586,14
1400000US37019020203,4999.238405795166,0
1400000US37071031202,1326.2954246232857,9
1400000US37119001702,876.9923162076581,40
1400000US37051003305,1926.509954095975,9
1400000US37145920500,9842.845449696608,0
1400000US37145920100,9941.901913359998,0
1400000US37145920300,3171.1894154269226,2
1400000US37051003401,2896.905894290161,6
1400000US37119002500,407.34227100971134,57
1400000US37051980200,3304.961491905123,4
1400000US37133002500,5422.216241578837,0
1400000US37139960200,1970.924998586012,8
1400000US37065021100,2424.957950550158,4
1400000US37119003903,1302.5969890053366,37
1400000US37191000901,3812.1279429318442,1
1400000US37191001000,13782.110918105313,0
1400000US37191001500,1797.1162108773253,8
1400000US37153970300,1164.1290441695232,2
1400000US37119001916,1152.7340020507693,13
1400000US37063001710,944.5220436583783,15
1400000US37147000701,169.21038601100483,20
1400000US37147000701,169.21038601100483,20
1400000US37133002202,1960.2277131043036,15
1400000US37119005843,946.801268311697,9
1400000US37165010500,4914.7960728932,1
1400000US37051003314,2011.5609447356596,3
1400000US37031970701,5452.603036812188,0
1400000US37049961302,5499.197742201861,0
1400000US37043950200,9763.448372557796,0
1400000US37183054105,1893.51338588519,15
1400000US37183054017,869.4147461031284,22
1400000US37119001910,1026.2227449627899,30
1400000US37119005845,1480.82927299795,7
1400000US37071031500,862.5112106222298,25
1400000US37051003404,3679.7784971523456,2
1400000US37107010300,1109.322795772727,7
1400000US37025042300,663.808880521659,13
1400000US37119006009,2051.2639849938746,8
1400000US37137950102,16180.135439623644,0
1400000US37181960300,2566.789206339001,3
1400000US37045950900,795.891454781608,12
1400000US37185950200,8917.901188794393,0
1400000US37125950802,2775.490435914212,2
1400000US37119005831,698.3930578284879,12
1400000US37081016203,3869.765931031355,10
1400000US37081016205,1694.4873522740377,24
1400000US37125951000,3075.450103921114,3
1400000US37055970501,14364.534745213654,0
1400000US37081014000,432.2089454983017,56
1400000US37085071301,12167.604111483797,0
1400000US37077970500,6448.786092467404,0
1400000US37189920800,6731.826994205386,0
1400000US37133000201,13433.046667378161,0
1400000US37133000302,12574.30684843677,0
1400000US37021000700,369.046892450619,30
1400000US37021001700,4333.134918604282,4
1400000US37021001700,4333.134918604282,4
1400000US37191000902,5134.693276445942,0
1400000US37191001302,330.1485978678456,13
1400000US37077970300,3050.8049428773443,3
1400000US37045950700,537.2020821998099,9
1400000US37183053713,1462.757323878809,15
1400000US37183053516,1416.39955002221,16
1400000US37183053604,1755.2735392496686,15
1400000US37151030201,823.5274300207404,11
1400000US37147001100,10353.172412069318,0
1400000US37119005829,507.3606822911105,18
1400000US37105030601,3408.11131705319,1
1400000US37085071203,3522.3078223764364,2
1400000US37085071203,3522.3078223764364,2
1400000US37085071102,11862.832596551312,0
1400000US37147002001,5406.355271330218,0
1400000US37085071402,6043.360140668399,0
1400000US37051001901,1664.989972291953,7
1400000US37085071001,9417.581796569175,0
1400000US37001020801,1257.6285096753093,25
1400000US37139960701,1894.270284147946,3
1400000US37001020802,582.8977219615722,26
1400000US37059080600,1137.2314779180813,3
1400000US37049960402,1112.533612413354,5
1400000US37125950601,3288.8576608958874,1
1400000US37151031601,1774.8060258598919,39
1400000US37109070600,14840.951346096286,0
1400000US37119006212,846.4303398210706,12
1400000US37179020702,6159.998084457907,0
1400000US37119006104,2062.9498340913374,21
1400000US37119006108,1473.2729841884843,16
1400000US37067000600,626.9727803859097,41
1400000US37133001700,372.5653635284336,23
1400000US37067004102,5157.178871824585,0
1400000US37063001603,3040.714002222791,3
1400000US37119006403,888.3141908916683,7
1400000US37041930102,6199.150512384992,0
1400000US37009970300,16613.844523888372,0
1400000US37001021300,10906.183350597534,0
1400000US37001020901,732.6487938003086,23
1400000US37001021400,8250.769727476856,0
1400000US37001021802,10845.88392482786,0
1400000US37077970601,6470.658163400455,0
1400000US37077970603,1805.5315285687025,6
1400000US37001021102,1471.8303001340028,8
1400000US37001021205,1259.5454627530146,7
1400000US37001021500,7867.594991812929,0
1400000US37121950300,2997.268363666005,2
1400000US37001021204,3273.3489860672066,3
1400000US37135010901,6348.934046424964,0
1400000US37135011204,3534.21392547967,1
1400000US37067004015,630.5303663239781,3
1400000US37025042603,2289.26851875879,12
1400000US37025041301,6966.784193015774,0
1400000US37025042401,1575.6778310994773,11
1400000US37129980100,1845.058210919054,24
1400000US37051980100,7949.930026283912,0
1400000US37139960502,2488.0915786987034,1
1400000US37081012704,1092.7758697650847,19
1400000US37193960600,727.4813372050661,11
1400000US37193961002,6318.494395531234,0
1400000US37193960801,7400.974425533204,0
1400000US37023020802,2851.319311681228,5
1400000US37023021000,4616.988656390539,2
1400000US37101040500,10775.248487331268,0
1400000US37025041601,3957.542984388559,1
1400000US37025041503,3432.544326957564,4
1400000US37193960200,14924.102199768155,0
1400000US37001021101,504.82614033874034,12
1400000US37051003205,3207.573355101259,4
1400000US37001022001,5209.415329994237,0
1400000US37001020601,1065.5310542683667,27
1400000US37051003302,1584.7187401492708,14
1400000US37183052809,3686.7990960109787,2
1400000US37183052904,3908.240600340337,1
1400000US37199960200,5789.492365047137,0
1400000US37183053416,1245.5787812189426,18
1400000US37067003600,2025.1372967261718,10
1400000US37027030300,1146.9406311433945,15
1400000US37071031800,884.4744442570739,21
1400000US37107010800,1911.1781912613362,7
1400000US37087920101,16241.370224255113,0
1400000US37087921301,10661.280279367984,0
1400000US37119001505,1336.3768882457834,27
1400000US37089931500,3058.1199058018383,4
1400000US37159051700,2255.2231708211884,2
1400000US37159051002,3364.156408969066,3
1400000US37159051202,1828.1292362085649,4
1400000US37151030400,1807.214024332844,13
1400000US37151030802,12519.476217450198,0
1400000US37189920701,7741.759260053727,0
1400000US37067001000,1294.451022821628,43
1400000US37089930701,4139.283686536811,2
1400000US37167930200,3729.078166147257,4
1400000US37025041100,2863.8447181856895,17
1400000US37025041303,1418.4706211493688,4
1400000US37053110102,23729.842667398607,0
1400000US37183051800,928.1977919479186,43
1400000US37183051900,1351.260493660613,41
1400000US37097060603,1661.7650396018125,5
1400000US37097060901,13316.033698564255,0
1400000US37021000500,1108.4870447600722,19
1400000US37021000500,1108.4870447600722,19
1400000US37051001700,1993.2994163479057,18
1400000US37051002001,260.3202331725362,24
1400000US37067004014,1035.2916927280469,6
1400000US37025041902,414.21909391553623,15
1400000US37049960102,7619.612549323556,0
1400000US37191001900,1109.6244306226301,12
1400000US37057061901,5829.3916725825875,0
1400000US37067003905,629.4415046125856,27
1400000US37067003906,1242.123313475771,25
1400000US37081015800,849.4489558091716,1
1400000US37081015100,9364.44486338756,0
1400000US37143920202,7694.864531394271,0
1400000US37085070401,5592.824630373299,0
1400000US37141920103,8248.854867756623,0
1400000US37155960501,4207.456764822753,1
1400000US37135011202,7237.988515997077,0
1400000US37183053009,2069.9669240740373,14
1400000US37089930300,3749.9738180412087,2
1400000US37089930800,1571.3626513359186,6
1400000US37189920300,2726.492806702009,1
1400000US37147000900,9346.314366925442,0
1400000US37147001500,8342.897123220358,0
1400000US37081012607,646.2270198003974,41
1400000US37141920402,6926.449412759199,0
1400000US37129012101,1337.495466916419,14
1400000US37063002025,873.6443370280317,35
1400000US37153970800,6807.250003844437,0
1400000US37129011200,829.6635265862941,26
1400000US37129011000,937.7896989171857,31
1400000US37097061601,827.9767043994611,13
1400000US37147001700,4283.6173631139645,1
1400000US37129012203,7482.094533131258,0
1400000US37073970300,10327.335346569374,0
1400000US37055970400,703.456687661945,2
1400000US37133001101,2694.700738521876,1
1400000US37159051502,4224.215070288261,5
1400000US37193960700,2134.971859101254,15
1400000US37193960300,5741.315153795339,0
1400000US37157040900,903.5985823208343,6
1400000US37045950302,3438.8988090414455,2
1400000US37149920104,910.2063099034278,1
1400000US37149920101,12070.458295832459,0
1400000US37025042604,795.6463919969609,8
1400000US37081014407,605.1362944230843,23
1400000US37159051201,2830.628925752282,4
1400000US37159051201,2830.628925752282,4
1400000US37151030801,5713.971121120116,0
1400000US37193961200,9046.1814035161,0
1400000US37183054208,1137.7642822738478,8
1400000US37097061408,5449.878830018202,0
1400000US37063001708,1993.8563293596283,15
1400000US37081012803,2364.380430526765,15
1400000US37037020500,14064.594574649844,0
1400000US37163970700,4036.2331670729177,5
1400000US37163970100,10669.1850736152,0
1400000US37157040200,3187.5078221215294,1
1400000US37023021301,5245.219251192314,0
1400000US37023020100,5718.087118200507,0
1400000US37021003205,10208.667920311202,0
1400000US37167930102,6208.474869313496,0
1400000US37129012104,3662.43446629306,5
1400000US37163970400,18471.125409386794,0
1400000US37163970400,18471.125409386794,0
1400000US37023020202,2604.7957310233287,4
1400000US37145920601,8007.891325559501,0
1400000US37067001500,257.49047451753717,24
1400000US37037020200,9157.948006025857,0
1400000US37189920200,10189.69280038052,0
1400000US37183053004,980.6308847321246,15
1400000US37017950400,1250.9019181087547,6
1400000US37003040100,8401.386388961784,0
1400000US37003040600,2413.213603205383,1
1400000US37183053202,2214.8581818429593,5
1400000US37183053420,1500.7295440470282,10
1400000US37183053207,3287.9039130210194,3
1400000US37183053414,1511.377223631126,10
1400000US37017950500,16967.3627460516,0
1400000US37017950200,15024.376173207373,0
1400000US37183053712,948.3912226795228,15
1400000US37023020600,1668.1806144527643,11
1400000US37003040300,5992.178138356946,0
1400000US37191000402,4360.514273150332,1
1400000US37191000800,5561.58369143839,0
1400000US37183053807,2225.0382338434515,6
1400000US37071030700,1776.4535136176821,3
1400000US37071032200,3516.562181668982,6
1400000US37071033400,222.97968625600956,4
1400000US37021001200,1451.3219390913482,14
1400000US37067002808,813.2459023606115,5
1400000US37183052706,1295.9805349492228,36
1400000US37183053603,1953.5713623753334,13
1400000US37183053417,2234.861435496922,11
1400000US37183053410,1941.0129301103739,3
1400000US37119005516,4051.536934725751,3
1400000US37167931100,9301.477061043197,0
1400000US37179020901,13766.4952636862,0
1400000US37047930800,4979.527732457727,1
1400000US37047930900,2278.5345795918774,3
1400000US37145920602,8278.623963471646,0
1400000US37037020103,7790.508265155343,0
1400000US37037020402,2597.1318491605125,2
1400000US37027030900,12235.151433284174,0
1400000US37183053110,565.6071385260544,2
1400000US37183053521,2380.8554415245026,14
1400000US37183053718,1189.855487896866,10
1400000US37183054207,2002.0325112005544,8
1400000US37023021400,656.8966935677025,16
1400000US37127010700,4122.7250302773045,1
1400000US37067003806,1854.1217437044102,16
1400000US37127011300,11612.396325766185,0
1400000US37185950300,14286.843119888894,0
1400000US37119006302,3454.2722062478833,7
1400000US37001021201,3012.4998245575302,3
1400000US37067003701,999.6123479451445,33
1400000US37137950201,17007.885975480665,0
1400000US37183053109,2756.896274628038,5
1400000US37183053722,1054.520430961996,14
1400000US37183052602,134.58166930630114,31
1400000US37051001100,1946.1855759733382,11
1400000US37067001100,983.4700106332256,38
1400000US37163970500,9832.037630871051,0
1400000US37163970500,9832.037630871051,0
1400000US37107011002,6110.053099743672,0
1400000US37119005825,1210.347428001702,13
1400000US37119005522,1168.7010775309095,21
1400000US37181961000,6910.349425313957,0
1400000US37183053518,885.6674241207239,19
1400000US37151030900,5165.868301233555,0
1400000US37151031100,2606.7614912345707,2
1400000US37053110401,24333.358390382233,0
1400000US37045950400,299.5260880207383,5
1400000US37045950500,1267.5024365095628,4
1400000US37181960400,1702.5322148194214,6
1400000US37099950200,5187.061878486167,0
1400000US37119002800,316.1299437927332,44
1400000US37119001300,1039.3271136029762,59
1400000US37119000700,647.8998881248203,64
1400000US37119003802,133.87471665176116,38
1400000US37183052505,1558.4926668814992,13
1400000US37171930901,804.5465551275103,4
1400000US37179020305,4727.167809216628,3
1400000US37147001301,1375.4522431883424,6
1400000US37183053509,1276.1314592990443,22
1400000US37183054109,5964.761817930739,0
1400000US37045951400,3478.817676545108,1
1400000US37119002300,874.2141111090828,42
1400000US37035011101,2387.039984476106,11
1400000US37133002100,2187.751254521019,11
1400000US37081015703,2934.256667032396,19
1400000US37183051101,403.79553900115917,35
1400000US37087920400,2321.734385875205,2
1400000US37097060801,10603.9522923473,0
1400000US37097061407,1296.709017655102,6
1400000US37083931100,1289.236964973287,3
1400000US37149920103,6573.056853186565,0
1400000US37081016305,1375.3008484621146,11
1400000US37063002024,1233.0411985340236,22
1400000US37081016407,1959.90519663292,26
1400000US37129012008,1689.4427702236412,13
1400000US37159051204,1562.6402104015754,7
1400000US37159051204,1562.6402104015754,7
1400000US37159051302,5260.432546560579,0
1400000US37071032502,7656.8665406857335,0
1400000US37141920502,10273.430216497478,0
1400000US37039930601,12845.650249267024,0
1400000US37173960200,3019.173580397438,1
1400000US37089930501,2850.2233153429006,9
1400000US37185950103,28342.135761359015,0
1400000US37141920601,10294.109427157473,0
1400000US37051003408,1277.4739376287303,6
1400000US37097061403,1842.9622432371436,7
1400000US37097061303,344.2451144475487,7
1400000US37047931200,3382.2778480498173,1
1400000US37035010303,2757.832657025857,12
1400000US37097061302,5413.194506080172,0
1400000US37183053205,1205.8618009096062,8
1400000US37183053419,372.90879006311513,21
1400000US37035010301,5003.532198498464,0
1400000US37079950101,4663.781080182451,1
1400000US37099950500,8284.86607514954,0
1400000US37119003204,633.5568708200769,44
1400000US37097061402,3035.9734311089987,2
1400000US37133000900,286.3097519569863,13
1400000US37067002809,1996.2445823588746,5
1400000US37021000400,372.9894020538844,24
1400000US37031970301,2266.787391149496,1
1400000US37171930101,8477.41055297636,0
1400000US37179020401,1529.0123424752821,7
1400000US37179020309,5717.270679359172,0
1400000US37155961500,7569.439195628244,0
1400000US37063002017,2433.8668509602903,15
1400000US37119005515,3996.766434816404,2
1400000US37119006010,834.4666376579282,17
1400000US37063000200,766.2380127307657,26
1400000US37119003807,1163.1540687944093,38
1400000US37049960403,2183.486864502452,3
1400000US37067003103,5563.492129151654,0
1400000US37183052001,559.1977683161151,34
1400000US37071030101,5006.022001714504,0
1400000US37039930100,10398.469247360574,0
1400000US37119003007,1137.620754394826,5
1400000US37141920204,15054.683969832256,0
1400000US37119002904,3123.38515316909,6
1400000US37063002007,1484.3878587972167,15
1400000US37119006007,2316.8974406635966,3
1400000US37071030602,4262.1148011654295,1
1400000US37195000700,1060.3368508892595,15
1400000US37119005918,1189.8529958020604,19
1400000US37071030401,6455.158067383325,0
1400000US37071030601,2403.907462635627,3
1400000US37071031703,3576.250083200956,10
1400000US37071030302,2943.636873627729,3
1400000US37071033306,4850.901138984392,1
1400000US37031970401,1104.6952977442534,6
1400000US37031970402,884.586866022354,4
1400000US37039930300,14161.794967778622,0
1400000US37055990100,47927.15700901524,0
1400000US37109070901,5375.915105051886,0
1400000US37053110302,17275.07033863322,0
1400000US37127010601,1525.0132448949505,15
1400000US37083930400,558.8259002717945,6
1400000US37183054211,4211.670124650422,1
1400000US37183053609,482.41091252606486,30
1400000US37175960402,1611.1096725155408,1
1400000US37169070300,13337.5339264253,0
1400000US37081014408,751.5366449703318,45
1400000US37085070801,3996.2694554884633,1
1400000US37031970504,2835.8577209118866,3
1400000US37067002001,848.396231032451,28
1400000US37081012706,909.1943316750669,26
1400000US37063000401,1336.654320306552,26
1400000US37139960501,5533.415558356831,0
1400000US37139960503,14403.128350218514,0
1400000US37063002009,996.4483633247722,22
1400000US37133001000,4102.619002989432,6
1400000US37167930700,8298.765349285446,0
1400000US37071031004,1236.5831880670287,10
1400000US37119005836,2235.9826049444364,5
1400000US37031971002,4187.465938600735,3
1400000US37113970400,8985.57374790801,0
1400000US37045950200,4235.833464769616,1
1400000US37131920402,18558.09272636689,0
1400000US37045950601,1474.6198130645905,2
1400000US37169070200,18744.48069872888,0
1400000US37063001807,1814.7621038761292,5
1400000US37063001807,1814.7621038761292,5
1400000US37071032000,489.87562917457655,30
1400000US37067003310,2114.4536356545555,11
1400000US37111970200,7959.682975103575,0
1400000US37147001401,5847.165160163323,0
1400000US37167931202,1380.4353009433266,3
1400000US37183053522,189.51852720191837,22
1400000US37023021201,5681.328615197486,0
1400000US37109070202,4631.255200113372,2
1400000US37031970302,2450.4246735685556,3
1400000US37031970304,1241.1011610465346,2
1400000US37183054210,1747.7384437370713,1
1400000US37119001609,1602.4195629896597,34
1400000US37129011705,1889.0225096030942,6
1400000US37081016506,1976.4204813921215,23
1400000US37195001000,9720.635114060899,0
1400000US37011930100,15865.252688768338,0
1400000US37011930200,5909.414567367704,0
1400000US37119005838,889.6542819970635,4
1400000US37131920300,11771.808816909685,0
1400000US37183053423,455.66400532499256,18
1400000US37063001002,1257.3461532644974,19
1400000US37069060700,11629.45757281437,0
1400000US37069060501,1769.3721667741052,4
1400000US37051001500,2179.046842855208,5
1400000US37111970500,3603.714210301655,4
1400000US37155961700,13961.55830370112,0
1400000US37119005832,4030.810676014512,7
1400000US37153971100,2839.596100633625,2
1400000US37183052902,5091.741862283824,0
1400000US37123960300,8499.729077025697,0
1400000US37123960300,8499.729077025697,0
1400000US37071032505,778.1944738451774,15
1400000US37129010900,760.8645206206317,22
1400000US37129010900,760.8645206206317,22
1400000US37013930400,1825.037736906023,7
1400000US37027031402,1690.9262219798297,2
1400000US37119003102,1408.064500997058,24
1400000US37183052901,6565.384063905885,0
1400000US37191000102,2700.3636487989065,1
1400000US37119980100,1029.6086027109695,24
1400000US37161960600,1719.045618947557,11
1400000US37063001801,1393.8827775794102,4
1400000US37151030504,9011.496281091386,0
1400000US37155962001,1583.5094349080657,1
1400000US37133002201,1367.6504939195743,16
1400000US37171930501,2127.273672963841,2
1400000US37081016306,1842.0574736354124,12
1400000US37155960300,826.1792203775046,3
1400000US37159050903,5237.939609338459,0
1400000US37159050201,1350.4523083332138,7
1400000US37159050901,7070.163371121525,0
1400000US37159051802,8184.466203354055,0
1400000US37119003600,658.7203773049156,58
1400000US37035010202,2126.2443328763106,13
1400000US37021003001,2144.10879093907,2
1400000US37071032600,1128.0118992486975,13
1400000US37185950102,27723.33396643665,0
1400000US37089930702,7865.317384954787,0
1400000US37089980100,11516.137946954801,0
1400000US37109071001,1561.5537379461157,1
1400000US37119002903,1358.6733564650267,9
1400000US37133002600,728.8770431984674,20
1400000US37019020505,10173.222714388481,0
1400000US37085071302,11872.921512300964,0
1400000US37031970804,6513.655130320129,0
1400000US37119005812,353.07490655001845,20
1400000US37109071202,2225.230389429245,3
1400000US37183053520,1309.3171112049392,12
1400000US37165010300,1942.1867454971912,5
1400000US37119005848,3690.8868759809147,10
1400000US37035010501,661.2243620793627,25
1400000US37085070402,8310.594805043966,0
1400000US37049961301,2374.715214167354,2
1400000US37021002203,1064.2503229360993,17
1400000US37129012009,1576.1085405758433,15
1400000US37113970301,1871.6456158637636,1
1400000US37071033202,1090.7718648069654,8
1400000US37033930600,23381.164660560687,0
1400000US37065020900,3324.1946644626114,2
1400000US37027031403,1014.9321568899109,5
1400000US37059080100,5427.211281156525,0
1400000US37127010502,818.0099779315944,23
1400000US37119003109,865.8249154852936,27
1400000US37081016502,1411.5906578407644,12
1400000US37183051502,829.7721270035777,28
1400000US37147000501,33.268657790186126,22
1400000US37077970702,1283.6745621746047,4
1400000US37057061703,1330.6260664185547,1
1400000US37067003500,1537.0488501517134,13
1400000US37083930900,688.8238730105568,1
1400000US37057061702,3434.8489374077644,1
1400000US37141920102,8709.088892765762,0
1400000US37063002028,421.9850115722184,48
1400000US37101040201,8743.677627155625,0
1400000US37171931200,2438.5502728061847,1
1400000US37045951000,1324.907247187142,12
1400000US37021002605,6344.950032533764,0
1400000US37045950301,4679.174395636945,1
1400000US37119003011,1913.8019336426073,15
1400000US37141920403,2431.0621577002316,2
1400000US37183050900,550.0069847381185,37
1400000US37013930502,2174.8176735244456,1
1400000US37119003106,647.6635826884869,21
1400000US37045950800,3052.165929600797,1
1400000US37183054115,2004.1988032176916,8
1400000US37049960200,18796.17294825151,0
1400000US37101041101,5730.393091327513,0
1400000US37051000701,1164.315806931372,29
1400000US37117970600,477.3360760111817,1
1400000US37141920201,2733.4549327088635,2
1400000US37035011702,5453.8693984323945,0
1400000US37129011904,2604.4679632139996,21
1400000US37119003016,3748.4677447362433,8
1400000US37111970902,7874.560894373419,0
1400000US37069060402,6276.940509412901,0
1400000US37063002008,1977.6267765060372,16
1400000US37063000500,927.8985548019809,29
1400000US37027030100,1256.5136059956792,17
1400000US37071031102,216.70679768852065,13
1400000US37021003103,2092.273834792115,2
1400000US37099950600,7325.153204369281,0
1400000US37127010200,667.4987246609807,12
1400000US37081011400,1411.1022047386775,56
1400000US37195000400,434.36127502645667,25
1400000US37129012001,1964.8453832197877,12
1400000US37057061201,2242.671532083831,4
1400000US37001021206,903.8859581164346,6
1400000US37001020701,994.3943120446135,30
1400000US37183053424,1783.0604666231059,17
1400000US37155960201,3024.436284722691,1
1400000US37019020512,1900.0163743698042,1
1400000US37049961002,7088.735956056616,0
1400000US37171930400,1151.3369544040931,10
1400000US37171931002,593.1885241849069,2
1400000US37051003600,1152.277774671041,5
1400000US37051003600,1152.277774671041,5
1400000US37063002019,4651.972858395814,2
1400000US37071030204,2674.191179956377,5
1400000US37157041001,6499.817288280268,0
1400000US37179020701,4956.040109889123,1
1400000US37031970502,3009.0315446241807,5
1400000US37019020508,4031.215402243592,1
1400000US37151031503,1651.3803479364474,27
1400000US37157040300,606.5831052704477,4
1400000US37119006008,2885.304265398875,8
1400000US37147001002,3834.443998191994,1
1400000US37071031900,1204.6337514895574,28
1400000US37155961400,11203.435003683257,0
1400000US37021001500,1319.3163616414693,18
1400000US37119006109,1209.0877823442506,21
1400000US37081015300,4704.9728451611845,1
1400000US37097060602,3544.5281629723986,4
1400000US37185950101,25208.878115667972,0
1400000US37129012007,1100.470326773924,22
1400000US37029950102,11155.330031456087,0
1400000US37025041000,1192.085595432238,6
1400000US37051002402,3451.896886740876,13
1400000US37161960800,456.6959619282747,10
1400000US37067004103,5296.210022181574,0
1400000US37047930700,5825.787589173742,0
1400000US37027031300,4692.660572321002,1
1400000US37091950300,10892.594157822186,0
1400000US37155960502,4612.482366561452,1
1400000US37001021702,1011.627735362882,19
1400000US37179021005,8252.313874560192,0
1400000US37155960402,7402.045305644211,0
1400000US37159050202,1609.5173715970693,13
1400000US37021001801,1536.7263946742248,26
1400000US37035011503,7274.438824870382,0
1400000US37113970502,23286.126746694634,0
1400000US37183053108,4304.915644739374,1
1400000US37183053804,4295.180133442429,2
1400000US37025042501,97.84710913604025,17
1400000US37025042503,1324.8777459786504,13
1400000US37089930100,12771.788777573955,0
1400000US37089930401,2890.5799995273087,7
1400000US37069060200,16946.61765695512,0
1400000US37183052803,1350.2449081964317,17
1400000US37183051200,136.32370993493618,46
1400000US37119006214,2445.0581304363295,8
1400000US37001021902,16150.810145503883,0
1400000US37071031201,1743.8389123179772,12
1400000US37119005511,1580.138567617399,19
1400000US37077970704,4500.130257148024,1
1400000US37089931100,584.8670751924984,9
1400000US37025042101,1133.4709933973609,14
1400000US37035010401,1858.0872710123338,20
1400000US37031970803,3902.869365195511,1
1400000US37151031303,3212.036161443348,1
1400000US37129011603,1090.2643242987795,6
1400000US37031970902,115.2674135568662,1
1400000US37081012612,1025.991314250571,33
1400000US37067003312,3198.158486748394,4
1400000US37051001903,1501.9185848561951,17
1400000US37179020202,7739.613905809009,0
1400000US37067004013,1739.6970481691199,4
1400000US37053110101,32919.23988085672,0
1400000US37051003001,5027.964654551503,0
1400000US37171930802,11276.776754880444,0
1400000US37155962002,10179.190294999225,0
1400000US37021000200,736.1683447481898,26
1400000US37059080400,7788.62277611297,0
1400000US37051002504,3031.055995049873,3
1400000US37055970101,2460.890221369138,1
1400000US37193960100,8668.680871122819,0
1400000US37179020501,2614.2526732969955,2
1400000US37147000202,948.9222806173301,16
1400000US37135010801,12959.2240521956,0
1400000US37149920303,6796.0832522332175,0
1400000US37063002016,702.6440900764958,13
1400000US37071031701,5369.459904024135,0
1400000US37113970700,14246.71510899498,0
1400000US37081014502,634.7617238060473,37
1400000US37067002002,911.6500612748131,31
1400000US37189920900,8271.004966501958,0
1400000US37195001200,7250.595477165751,0
1400000US37183052704,828.0804068299939,31
1400000US37097061301,5307.155904496865,0
1400000US37119005621,4479.543939143859,1
1400000US37169070501,1763.4912554795117,3
1400000US37101041501,6204.026049431998,0
1400000US37115010100,13411.09700799398,0
1400000US37081015401,4547.24129204007,1
1400000US37051002100,395.0598561555889,27
1400000US37077970101,16210.190742606608,0
1400000US37019020305,2206.7403103176725,2
1400000US37059080200,6451.571481915847,0
1400000US37119005514,651.0707565512294,16
1400000US37025040701,2027.533846580103,8
1400000US37159051600,1791.7152760031183,4
1400000US37105030402,2293.4866509804965,9
1400000US37025042200,1865.1228322951529,6
1400000US37051003002,6572.706875406056,0
1400000US37179020314,2501.4827268826775,6
1400000US37189920702,9526.79707872385,0
1400000US37183054404,1682.4142936633714,3
1400000US37081012617,652.2373452625372,40
1400000US37129010300,805.3939924122803,33
1400000US37101041502,6489.812627265316,0
1400000US37183054016,650.078014071541,19
1400000US37097060200,1205.156860945264,10
1400000US37051001400,4252.926241170154,3
1400000US37085070600,10895.866045387304,0
1400000US37105030101,1221.3113884008956,8
1400000US37061090701,2875.073207582225,1
1400000US37161960400,4384.249571767514,1
1400000US37119005513,1972.774073926353,15
1400000US37109070500,9842.046546652604,0
1400000US37125951200,6859.058900131615,0
1400000US37133000700,3241.816238609763,3
1400000US37097061003,1992.61129241275,14
1400000US37067002501,1174.28611108594,42
1400000US37051003204,2744.068973041377,10
1400000US37119005706,2085.280024216936,5
1400000US37129011608,3514.297548891716,4
1400000US37035011701,3014.3321827531113,7
1400000US37183054007,966.7171422557832,15
1400000US37023020900,1426.5785794007893,4
1400000US37019020306,3665.3754451989716,2
1400000US37111970800,3810.6141979960757,3
1400000US37119001922,623.0759912513078,12
1400000US37087920700,10401.143203153017,0
1400000US37081011300,713.9111812273668,50
1400000US37119001919,458.8638761481538,29
1400000US37125950200,15864.629816010704,0
1400000US37071033304,910.5506088614535,3
1400000US37183054203,1565.0242675161094,5
1400000US37157041400,169.01434841660853,11
1400000US37129012300,1355.933271403958,2
1400000US37063001303,541.9780989966756,22
1400000US37055970601,1168.6531902361453,3
1400000US37045951200,2066.4976788213266,10
1400000US37027030200,2397.248355333411,9
1400000US37049960800,1516.9403469257409,7
1400000US37183052401,1484.3134524345703,15
1400000US37105030702,5307.833529398324,0
1400000US37097060400,1193.58591561811,12
1400000US37051003304,317.00713994763214,13
1400000US37035011300,1029.6647636516059,15
1400000US37067002801,1257.8382447146128,3
1400000US37081010701,625.5385752571217,58
1400000US37181960200,12311.320844172129,0
1400000US37097061406,6147.9112880882485,0
1400000US37019020405,10000.492022184424,0
1400000US37063000700,1373.1409799641938,27
1400000US37119002003,2234.844779726385,23
1400000US37033930500,16274.532240075016,0
1400000US37063001100,652.9726388433799,22
1400000US37141920401,6186.163090135945,0
1400000US37119003103,1382.2033939389476,30
1400000US37143920100,8921.258258739079,0
1400000US37169070503,3449.1858342523865,2
1400000US37111970400,2215.475850603593,3
1400000US37063001400,548.3103251145486,23
1400000US37021002504,4351.645269193165,1
1400000US37187950100,13425.204235777735,0
1400000US37063000301,174.89166092296162,27
1400000US37183050400,452.59181436961705,45
1400000US37071032401,2752.337027007736,4
1400000US37065021200,1474.7166783780056,6
1400000US37183052601,1024.3806515391764,22
1400000US37093970300,295.2973869122487,3
1400000US37183054108,3331.047937943981,5
1400000US37089931000,648.4634596322243,9
1400000US37051003402,4963.015075679207,1
1400000US37171930301,3237.085350092878,5
1400000US37051003104,1829.419993060569,4
1400000US37067002903,2671.499170298678,11
1400000US37119003805,805.3932103803805,30
1400000US37119001509,486.2743172161426,31
1400000US37119005523,290.1541380202776,14
1400000US37003040700,1326.0157658056364,1
1400000US37179020100,12661.21675509687,0
1400000US37063002200,612.0223812590747,25
1400000US37109070400,1240.8087634678748,4
1400000US37119005617,2500.417930052074,14
1400000US37107011300,5885.400560885843,0
1400000US37197050501,918.5755583343507,3
1400000US37081013601,440.93446298460594,32
1400000US37067002904,4786.185065217281,1
1400000US37037020401,1633.2382112200464,2
1400000US37107011400,4997.6962295432995,0
1400000US37021002102,389.77937669045156,14
1400000US37167930802,3891.0395261333083,1
1400000US37129012006,1626.0461459502667,23
1400000US37183054106,1501.902462255108,12
1400000US37085070904,8288.353167163319,0
1400000US37147001900,7919.601373915893,0
1400000US37025040702,1420.0491473222728,8
1400000US37099950400,1330.0758078016754,2
1400000US37109071203,2310.6044524760077,3
1400000US37083930502,6282.630869907375,0
1400000US37141920300,7700.700838502131,0
1400000US37133002800,6730.019460311918,0
1400000US37107010200,3466.3063549904564,7
1400000US37135010902,3433.455275547965,3
1400000US37139960600,1581.6099242245818,1
1400000US37183053517,815.0613140394531,14
1400000US37063002013,1295.7545645580158,32
1400000US37171931001,4640.8406085293445,1
1400000US37155961601,3069.553862047976,1
1400000US37189921000,13367.780584046008,0
1400000US37157040102,10186.271778918921,0
1400000US37159052000,898.2203648872862,14
1400000US37183050800,843.1828097720897,37
1400000US37055970200,3879.9958847564403,1
1400000US37057060101,2524.790831681522,9
1400000US37171930600,839.9183574491209,7
1400000US37113970501,17319.313780272452,0
1400000US37067004009,2412.540397843563,1
1400000US37083930501,2430.786941215729,4
1400000US37031970604,833.7561741907685,6
1400000US37019020509,2308.714157671711,1
1400000US37135011205,2477.9040732174,11
1400000US37183053006,4824.863812284264,1
1400000US37183053415,366.2805637956874,6
1400000US37093970201,3814.8657979159475,1
1400000US37153971000,6872.535554944012,0
1400000US37135011700,970.1447110438725,18
1400000US37067002806,136.20380649413903,11
1400000US37183054018,957.3238941299187,30
1400000US37081014410,904.9202319630025,16
1400000US37097061401,4565.232362629004,1
1400000US37001020902,2854.254122125309,12
1400000US37039930400,3036.524969746057,1
1400000US37067003311,285.9738655100071,7
1400000US37155960202,7887.5123513174285,0
1400000US37091950200,3836.9369592384087,1
1400000US37081016009,559.9901460239265,15
1400000US37067003313,6035.768804175056,0
1400000US37135010701,3541.2893002515466,5
1400000US37071032507,2714.773916542911,7
1400000US37101040902,2116.14333319356,2
1400000US37081015706,5468.683863360601,0
1400000US37047930600,15792.790103826917,0
1400000US37169070600,7669.7440427338115,0
1400000US37025042504,1260.6301812902025,12
1400000US37081980100,467.78478384977336,45
1400000US37081980100,467.78478384977336,45
1400000US37023021203,12070.079729438201,0
1400000US37135010802,1795.1282010565085,1
1400000US37189920602,4970.669780667164,1
1400000US37015960200,14787.02937174319,0
1400000US37195001100,8515.837690892513,0
1400000US37025042502,1655.0243434333295,20
1400000US37119003013,2097.291526063538,4
1400000US37191000303,6314.266120497878,0
1400000US37119004900,1032.024072376119,72
1400000US37031970101,30153.859715792583,0
1400000US37183051501,2641.595995808609,24
1400000US37179020800,1647.0726774720595,1
1400000US37183052404,1869.0352822749194,25
1400000US37119005842,1210.9857916140302,9
1400000US37081015704,2878.023853194238,5
1400000US37183053724,809.0483405196156,15
1400000US37129010501,372.3129227383331,29
1400000US37091950402,3581.0518603266955,2
1400000US37051003310,1731.1039754281503,11
1400000US37023020302,4215.067543345318,1
1400000US37119005841,1506.762412487417,7
1400000US37025041200,5478.222087001354,0
1400000US37021002401,7209.605841604412,0
1400000US37171930202,1486.403598239236,5
1400000US37067000302,825.1764756995645,40
1400000US37097061304,1526.7174862056024,10
1400000US37047930200,9546.795323300496,0
1400000US37011930302,12481.24543409998,0
1400000US37071030502,6168.914666435846,0
1400000US37081016005,3864.6769566322628,5
1400000US37131920200,15521.515413645595,0
1400000US37037020300,4531.8697235355,1
1400000US37167931000,4407.258306073638,2
1400000US37167930500,3436.625644889995,3
1400000US37071030203,4773.822680572049,1
1400000US37135010706,2557.663810201832,15
1400000US37101041102,371.4816959308714,1
1400000US37019020307,5043.856756868243,0
1400000US37179020403,2596.592080764163,12
1400000US37067003402,596.4348877583421,7
1400000US37049961001,10397.621317063333,0
1400000US37077970703,3173.278631040548,2
1400000US37025040600,7272.345351278137,0
1400000US37119005717,2025.9726296558208,22
1400000US37051000702,941.8081893001925,29
1400000US37051000702,941.8081893001925,29
1400000US37179020306,948.0800753098637,12
1400000US37083930800,21128.986140896595,0
1400000US37063002022,473.10653200447524,26
1400000US37119003400,942.5981507960472,49
1400000US37101041002,2254.220824639203,4
1400000US37101041400,1677.2400232329676,3
1400000US37183052801,973.0302823671344,16
1400000US37061090200,8646.192611699378,0
1400000US37071030902,1656.9611856308795,14
1400000US37097061001,5102.147973526688,0
1400000US37189920400,2815.295201765833,4
1400000US37183054114,1560.2335683159718,13
1400000US37183053421,2475.7095191594003,10
1400000US37161960300,18898.36849290455,0
1400000US37025040703,830.3332013133756,12
1400000US37051000800,555.7420161863917,24
1400000US37103920300,17364.267378738376,0
1400000US37183052806,1941.1482309550743,5
1400000US37183053418,1639.1370162985745,20
1400000US37155960102,2398.7846295693016,1
1400000US37137950101,11753.769351057244,0
1400000US37129012010,1771.5927418386873,9
1400000US37119001914,618.0507712469467,30
1400000US37081016600,846.897102582524,1
1400000US37113970600,11551.82052586044,0
1400000US37119002200,911.8714051431671,40
1400000US37119005844,2005.4528049218645,5
1400000US37051001601,637.6564993677345,6
1400000US37035010102,1537.263285782973,18
1400000US37081012707,611.2280785357973,28
1400000US37021002000,166.7789145639693,25
1400000US37159050700,1965.7708619600965,4
1400000US37021000800,1124.6501095655217,30
1400000US37057060203,1009.356078921065,2
1400000US37037020702,5977.876270505696,0
1400000US37063001709,473.9913324055417,18
1400000US37001022002,10164.112481249816,0
1400000US37135011000,2773.112850326935,3
1400000US37159050800,1981.0079450988694,8
1400000US37081010403,493.0409787628915,36
1400000US37149920301,3152.2095367138827,2
1400000US37179020404,907.2224983440252,7
1400000US37027030500,1791.3721727350662,15
1400000US37171931103,7294.230569115208,0
1400000US37097060702,7209.205297550269,0
1400000US37119004400,397.7932834492937,34
1400000US37171931003,8940.230059568177,0
1400000US37169070100,12332.796255516361,0
1400000US37101041201,3372.0075637677583,1
1400000US37003040400,7269.414873715186,0
1400000US37031970303,2356.6650060675165,4
1400000US37081016409,1250.9660765683832,9
1400000US37117970200,1779.9240562820544,2
1400000US37023020500,1057.9527781550844,12
1400000US37037020701,6149.351512863095,0
1400000US37191001301,1748.2732223057076,11
1400000US37107010900,1691.8208898595317,2
1400000US37117970300,3838.0527905496565,2
1400000US37081011102,1552.328989947779,38
1400000US37171931102,3927.062826111542,1
1400000US37121950200,8940.514349976318,0
1400000US37119006304,3280.247066209278,3
1400000US37067000700,204.29729175617214,39
1400000US37101040600,5778.018867683311,0
1400000US37067002804,2188.836703307743,15
1400000US37019020507,765.5551737100807,1
1400000US37119003012,2270.9933976883945,16
1400000US37119001911,1777.732042548932,21
1400000US37081017000,7802.563137803047,0
1400000US37133000600,6260.587386540956,0
1400000US37119003700,670.3916079491705,53
1400000US37021002804,5851.921808508326,0
1400000US37019020511,7173.289643292899,0
1400000US37133002400,2588.749436814962,2
1400000US37055970102,143.4605059286695,3
1400000US37147001302,1233.3747242772706,5
1400000US37151030301,1997.0239722700107,16
1400000US37035011501,9285.575756874114,0
1400000US37127011102,1251.1557674034602,5
1400000US37155961301,3491.303792361477,4
1400000US37119002702,1336.052610987983,49
1400000US37001021703,2590.933120950549,13
1400000US37051002002,808.6179514962208,24
1400000US37063001802,1227.377702185995,14
1400000US37121950400,2329.108719531179,2
1400000US37159050904,8603.806705901914,0
1400000US37021002900,3977.141162402502,1
1400000US37071031600,2225.602082293417,7
1400000US37159051901,5604.292435939607,0
1400000US37007920100,6415.426200409436,0
1400000US37051003500,793.1865507811655,6
1400000US37011930301,9715.055711499665,0
1400000US37155961000,1160.8047265121495,9
1400000US37165010400,2960.8563629617956,1
1400000US37119005613,1643.73259407091,15
1400000US37119003008,2254.6705733853205,14
1400000US37035010600,168.20723861989217,17
1400000US37119002701,787.9589415177214,52
1400000US37183052603,1252.7744981501546,35
1400000US37193960500,536.3519270835375,8
1400000US37081012705,1352.7145704382976,26
1400000US37071031101,604.9079973930284,10
1400000US37183054403,2723.1635768873994,3
1400000US37181960500,951.7747326454089,3
1400000US37081016900,5084.497375926034,0
1400000US37105030701,4846.261613446556,2
1400000US37051003203,2128.1574807721895,14
1400000US37119004100,711.420238306054,64
1400000US37183052407,728.8165300294761,21
1400000US37171930201,5652.864186272017,0
1400000US37067003105,2836.1625084865036,2
1400000US37051002200,794.4928741049873,14
1400000US37087920800,3776.9342456310615,1
1400000US37057060500,3451.097386968826,1
1400000US37183053709,616.6248691325552,12
1400000US37119000400,525.3302740370169,63
1400000US37151031504,336.4223070675845,11
1400000US37013930300,640.1900936146145,7
1400000US37045950101,14898.473510133043,0
1400000US37125950602,3747.277608009609,2
1400000US37077970200,4475.096869554826,2
1400000US37119006211,2218.0492968920616,13
1400000US37065021400,8985.948164036427,0
1400000US37119005911,4479.15374107296,3
1400000US37147001303,3397.8621651673952,6
1400000US37057061802,5959.743192419072,0
1400000US37119005308,873.2620984986117,39
1400000US37129012201,1473.2907626184706,1
1400000US37129012105,4701.963988159654,1
1400000US37031971101,2703.4545942151794,3
1400000US37083930100,1606.5483570868937,2
1400000US37021002206,1114.7585140219032,10
1400000US37183053411,2710.5278216007487,3
1400000US37125951100,1248.0959544595405,6
1400000US37183053107,2785.834288633068,4
1400000US37147001200,14219.865392878872,0
1400000US37147000800,836.4205078021189,18
1400000US37097061204,4713.44761243508,1
1400000US37119005000,389.4170913603289,69
1400000US37081011601,256.9448601651074,55
1400000US37059080500,3782.751269100807,2
1400000US37119005913,710.0218212651837,40
1400000US37021002606,5540.311792503466,0
1400000US37181960100,4230.224533948224,1
1400000US37183053808,3126.4051122736987,7
1400000US37183050100,227.57033911213358,43
1400000US37081016702,5784.606646400775,0
1400000US37025041602,8892.858083713367,0
1400000US37135011101,4532.942784770975,1
1400000US37047930100,5291.973160432258,0
1400000US37097061501,1686.408709604971,12
1400000US37183054209,2003.309604005985,10
1400000US37195000900,4182.392831645143,1
1400000US37001021701,1558.472015657664,10
1400000US37021001600,1754.113433845778,12
1400000US37183053605,1504.112424277863,19
1400000US37179020502,4464.907621000233,3
1400000US37157040800,564.4606713820008,5
1400000US37197050102,8965.493560433722,0
1400000US37081014412,1732.8632213977974,21
1400000US37067002901,4774.017982515894,2
1400000US37063001808,2191.0556068880624,10
1400000US37147000602,1469.0027093650708,20
1400000US37031970103,9203.23612377443,0
1400000US37109071201,3247.0338301393717,5
1400000US37127011400,1961.3678979252807,1
1400000US37197050502,3374.424974668661,1
1400000US37067004010,3812.6932891964443,5
1400000US37051003800,227.94925657457634,16
1400000US37021002702,230.42888191493245,7
1400000US37031970503,1300.1045472872242,6
1400000US37067001800,747.2727285267599,31
1400000US37109071002,5515.262318938726,0
1400000US37001020200,1255.182908996361,24
1400000US37153970500,1538.7038429175238,4
1400000US37171930700,7193.7454213124065,0
1400000US37033930200,25475.874961411544,0
1400000US37151031306,8748.976805220997,0
1400000US37025042000,1675.0621343041662,11
1400000US37009970400,4248.466569254405,2
1400000US37183053805,6133.863524122533,0
1400000US37133001102,2093.1780990191655,3
1400000US37119005710,2855.142634542399,15
1400000US37067002603,1695.015370971493,14
1400000US37147001001,5252.8218479192155,0
