GEOID,bw,bw_criterion,kernel,fixed,centroid_x,centroid_y,b_Intercept,se_scaled_Intercept,t_Intercept,b_Med_income,se_scaled_Med_income,t_Med_income,b_percent_Poverty,se_scaled_percent_Poverty,t_percent_Poverty,b_percent_Unemployed,se_scaled_percent_Unemployed,t_percent_Unemployed,b_percent_Uninsured,se_scaled_percent_Uninsured,t_percent_Uninsured,b_percent__HighSch,se_scaled_percent__HighSch,t_percent__HighSch,b_mobility_PC1,se_scaled_mobility_PC1,t_mobility_PC1,b_percent__18,se_scaled_percent__18,t_percent__18,b_percent_Black,se_scaled_percent_Black,t_percent_Black,b_percent_Hispanic,se_scaled_percent_Hispanic,t_percent_Hispanic,gwr_localR2,gwr_pred,gwr_resid
0500000US45027,43,AICc,bisquare,False,682238.1394292505,203479.87854576917,56.03402253389676,0.08899825886560356,-0.8302145689733261,-0.00010286933860098478,0.31061783751765326,-2.351883423439801,-0.012377926680018624,0.2296307912636667,-0.14738750315261115,-0.12825214866063483,0.1094199674654739,-0.7581580781253223,-0.10340785293704324,0.14735646488979437,-0.9639352584686458,-0.06819003694737846,0.2381473409190537,-0.7705216826439947,-0.24246757315817352,0.2874397540748487,-0.9902724629086566,-0.25040513496263195,0.11620327702445163,-3.342467775470942,-0.08302060479080613,0.17075730161836536,-5.075030528396112,-0.09814699890703496,0.11190550703876723,-1.6615673528570265,0.820530591493103,19.20358072449672,-0.30358072449672235
0500000US45015,43,AICc,bisquare,False,707296.3553951402,151748.59793723,53.71782458645937,0.09223422858202847,-1.4152943733667736,-9.816809828008538e-05,0.32493369897572744,-2.1455165001972984,-0.02840346272172233,0.23232317195505486,-0.33428865550398257,-0.0895284264089932,0.1088718449702025,-0.5319086669864795,-0.056242957406213726,0.1511022144842543,-0.511282418690597,-0.05275981076858713,0.24293691938285375,-0.5844123492715011,-0.16769561145349168,0.29721418824393947,-0.6623690467845186,-0.24532005960189532,0.11776638097054304,-3.2311275810784994,-0.08071355564244648,0.17774273382313419,-4.740090935140074,-0.13718431893403468,0.11511787556897342,-2.2576368771977298,0.8043674416478425,19.78224548173225,-0.9822454817322495
0500000US45059,43,AICc,bisquare,False,517236.6812814119,294331.6406867362,48.72534187420857,0.0986056582134906,2.11305205178441,-7.089929762175217e-05,0.34137607443443096,-1.4749085329369724,0.1299793539708739,0.21004711041758792,1.6920007095189495,-0.2379046549740457,0.13610461428823217,-1.1306333430247533,-0.008560752332046097,0.17499631158594145,-0.06719648824021153,-0.03681331394379309,0.2641059740278128,-0.37509075909545,-0.2880398401718699,0.3183236710803369,-1.0622616336512831,-0.23383835094941,0.15052471465943118,-2.4096296648856064,-0.10243022567968589,0.13914047785019262,-7.684342056651395,-0.1339675902709097,0.1312401674382231,-1.9338614451901637,0.8446505201574688,22.226273037670335,1.1737269623296633
0500000US45035,43,AICc,bisquare,False,665019.2128629007,138328.74088018574,50.872075581436654,0.09487744902285984,-1.388376206725437,-8.154829598617378e-05,0.33517067365901126,-1.7278463254646141,-0.02791224367095366,0.23813051330285,-0.3204959735886033,-0.07936576992147767,0.10794585177141959,-0.4755749537617191,-0.016835996643776354,0.15392707657632232,-0.15024061356574187,-0.0435063921134975,0.2471351282969902,-0.4737271371392718,-0.07730908670147561,0.3030015074264837,-0.29952537675246144,-0.23738504711037534,0.11819776153094072,-3.115203926213219,-0.07661303025732445,0.1844684778149117,-4.335233816126628,-0.1420875269125331,0.1155472541098356,-2.329639445973413,0.8021157776504827,20.206564865286687,0.29343513471331306
0500000US45043,43,AICc,bisquare,False,764627.1383064091,178767.6198802687,56.120369901669505,0.09442756432745873,-1.362380467612334,-0.00011291176289684156,0.33069982599406256,-2.4247192321457294,-0.024302461444637463,0.23774879808206878,-0.2794954941501323,-0.1080025201038739,0.11249647029276201,-0.6209929809857414,-0.09546799433794981,0.15723324943181202,-0.8340209273720893,-0.05796862998997141,0.24911489716917806,-0.6261855081849417,-0.24961456294638878,0.3035547513845017,-0.9653410038752998,-0.2543906581102923,0.12327101431815754,-3.20097707207723,-0.08408877841657762,0.17930511416501527,-4.895278631143389,-0.12831654436965265,0.11663643532186875,-2.0842067709879637,0.8051652535721945,19.689462414495274,-0.48946241449527506
0500000US45031,43,AICc,bisquare,False,705494.7719818918,277632.51888788823,60.523292151824506,0.10031235662377945,0.14871583457776294,-0.00013663913906017804,0.36009011330530644,-2.6947603889983562,0.02977033372311869,0.2660112075854539,0.30600367799986733,-0.23022478844690145,0.13675184517319794,-1.088956636300575,-0.2238680981976492,0.16919909758253177,-1.8174300590187757,-0.08282675677220677,0.2615041266956482,-0.8523182440687989,-0.5040142422487904,0.32583957436266253,-1.8158787586902716,-0.26070026838564603,0.13466544819988185,-3.002808741539676,-0.08771750432933655,0.18050370807328459,-5.072618350718109,0.012728497914991322,0.16021001177242744,0.15051503665378915,0.8344047895004952,21.352319736791515,0.047680263208484064
0500000US45073,43,AICc,bisquare,False,420461.9650270266,325728.94523418567,55.617685727591564,0.10171657569314356,2.031820130928845,-5.783923332384638e-05,0.35944284965170764,-1.1427439071344319,0.16702650283640832,0.22765101927526116,2.0061281271556473,-0.3395667906281116,0.15568971593485628,-1.4107724888482018,-0.0420074254558657,0.18557116747482974,-0.3109417973658177,-0.06852287485678284,0.28017476216126735,-0.6581368961937026,-0.26136453511318786,0.34136408286750286,-0.8988282267780976,-0.2946227057657103,0.16206132254594763,-2.8198707909125122,-0.09924404705471211,0.14870699790265066,-6.96634709712604,-0.14665436099520948,0.13525976307797571,-2.0540865781737367,0.8382600053454133,22.467423942601073,-0.8674239426010715
0500000US45003,43,AICc,bisquare,False,550642.7449569402,189906.40343568812,50.99991686938766,0.09414431469790532,1.0190039305835898,-4.2227623573351884e-05,0.31185435152493846,-0.96161464426027,0.021945741640658167,0.23088477578003078,0.2598949513794547,-0.0713979981282139,0.13243106068696558,-0.34872884860969183,0.026152929346209115,0.16885406904579023,0.21275136200439482,-0.06326300344012889,0.2677305919517191,-0.6358599674230883,0.020734086784508686,0.3126662534203461,0.07784877298688636,-0.2486050791475614,0.1387227541250832,-2.7797431513888124,-0.09176279391886341,0.16017330000401767,-5.980101486609198,-0.1374448425274616,0.11638625118922892,-2.2372738864634565,0.8706646084699207,20.62070177569443,-0.42070177569443246
0500000US45009,43,AICc,bisquare,False,604549.4134234675,153197.81902954957,47.56666025875347,0.10979667682586017,-0.7068392527262999,-4.1811727744763137e-05,0.36178294274584183,-0.820741251752721,-0.014389316788135752,0.26371921878698446,-0.1491905350452936,-0.10461109440791255,0.11751592812010295,-0.5758013899750017,0.03927537037644379,0.18690147608571778,0.2886496911734392,-0.03402148800532475,0.2880831736677476,-0.3177935562768388,0.11366010513850115,0.33678572267597195,0.39618885161268214,-0.24347432996804957,0.14533910893435342,-2.5984421965211446,-0.06917037170781873,0.2123997705302762,-3.3993674829247684,-0.13153603830677174,0.12446733391837903,-2.0020815134515004,0.8213535144906963,18.981485592905898,0.6185144070941035
0500000US45079,43,AICc,bisquare,False,618576.456884513,242694.62438867436,48.387457760411195,0.1047330083322216,1.75778270287258,-0.00011316594350397813,0.30673318607770345,-2.620059888367895,0.028723697090039153,0.2526314782025213,0.31088212587594244,-0.1703653089411665,0.11887794144918085,-0.9269826109448857,-0.0508049225918055,0.16814638359750586,-0.4150322091732357,-0.057812307237843766,0.2738029000183624,-0.5681878381862815,-0.5096887937160062,0.32260455807086746,-1.8547375106920947,-0.16254932609298714,0.1448570644577324,-1.7405554661010354,-0.09629299052663759,0.17196358922423802,-5.845076815221967,-0.07316050569742641,0.14010882029238592,-0.9892444163886027,0.8625495046273325,19.524089590724834,0.2759104092751663
0500000US45021,43,AICc,bisquare,False,552979.5889487623,356698.24632573576,44.82741571217555,0.10266255450179657,1.9712318669834186,-9.299512405022772e-05,0.3334748215453806,-1.9804020386122614,0.13101662100306163,0.20516661147129453,1.7460737645738456,-0.2841001702468593,0.1347099218377956,-1.3641546511215403,-0.010008814980630528,0.17546462866486673,-0.07835317847120281,-0.004512227575196009,0.2620579988199517,-0.04633436871147483,-0.3866954850877635,0.320833654512879,-1.4149368350476796,-0.20241153237995801,0.13284657764316674,-2.3633457170334586,-0.1053028696373317,0.13542824346075039,-8.116391929341374,-0.12792717406464654,0.13783378717687544,-1.7583264230126214,0.8293021551492258,22.78214735448763,-0.5821473544876312
0500000US45005,43,AICc,bisquare,False,576127.5270000092,128113.94411442436,47.75891809328567,0.10662374682408951,-0.5262248609490778,-3.878806034258058e-05,0.35718576680666964,-0.77118780492929,-0.025153154056589407,0.26199864447157445,-0.26250421699914606,-0.09262604617795656,0.12211526246871868,-0.49063087805375316,0.06663797792990077,0.18736528008510278,0.48853561837665566,-0.03497527266230643,0.2910130835547907,-0.3234135931392716,0.17756444543989475,0.3391781445193037,0.6145765976274643,-0.24631742400595716,0.14345945570955923,-2.6632278847849524,-0.07241108932079918,0.20426514520690223,-3.700350504839248,-0.14268404916121327,0.12099807746757624,-2.2340317492452697,0.8363949162247795,18.198606542312035,-0.0986065423120337
0500000US45017,43,AICc,bisquare,False,629984.6379028962,204243.1837188563,53.54009125253435,0.09114206253856842,-0.0789866257222473,-7.914597214197621e-05,0.3030449771822777,-1.8547183258956355,0.004547994487262222,0.24072418546873317,0.051658653488467876,-0.13244265258921897,0.1090425162823312,-0.7856402113172585,-0.07033661130055381,0.15428951760432677,-0.6261935053590871,-0.06956304308986223,0.25064251311121555,-0.7468502163773082,-0.18705274888966267,0.28978594001868024,-0.7577651955133308,-0.2408466430523649,0.12257291023350061,-3.0478141001584556,-0.08057476737184932,0.17337923241878025,-4.8510308210180835,-0.08654653827465925,0.11849860456142286,-1.3836582936956041,0.8388510760376751,19.426632364955697,0.27336763504430195
0500000US45057,43,AICc,bisquare,False,636601.163022739,316466.0189920472,47.88667466753735,0.09953234916241734,1.7519529411730586,-0.00012198680029607467,0.32362364015669026,-2.6768795925137687,0.09152543439309761,0.24711002460700585,1.012731487129228,-0.3094418371431714,0.1439392786027003,-1.3905653623083734,-0.09557988051039307,0.1636658942181349,-0.8021800090429887,-0.03056229485404472,0.27511960961029824,-0.2989331579361841,-0.5412921955319054,0.34431835788754783,-1.8455229764357854,-0.17676281803334673,0.1211623378189312,-2.2629014792064184,-0.10540138322083252,0.16046841510731427,-6.856283968527017,-0.07839082209553445,0.14947150319461255,-0.9935716752221129,0.839329779003823,20.858031817179487,0.14196818282051282
0500000US45051,43,AICc,bisquare,False,794815.5984124306,233336.74465281898,58.31388660458032,0.09844941772185939,-1.0784914035987656,-0.00012636742356232468,0.3508290700294684,-2.5579720464722997,-0.009906446881496455,0.2518147947162894,-0.10756712247113184,-0.14709576851270173,0.12021251966873259,-0.7914840689253556,-0.14590982262608915,0.1665108854816948,-1.2036644625245267,-0.06250729271290788,0.25983039661454405,-0.6473667782398137,-0.33724880545929503,0.31632718800903625,-1.251589090255002,-0.26326412345683836,0.13110451548525168,-3.1147012955115834,-0.08706161690548905,0.18443080762861291,-4.927484990545123,-0.0964051177667384,0.1214402791944082,-1.5039372553605723,0.8088647169010276,20.510808143559043,0.4891918564409572
0500000US45053,43,AICc,bisquare,False,606623.5405222309,66968.82948430575,45.58680087302736,0.11025747198952066,-1.2736647338179623,-5.346719992262909e-05,0.3809895545406738,-0.9966223153152912,-0.035656101273332144,0.26536730981781526,-0.3673916748990107,-0.06824757677057092,0.11417537195842163,-0.38663974782795013,0.0740593697481908,0.1886308598694235,0.539300479749895,-0.020856542048152755,0.2888429523989787,-0.19430778681794583,0.11957455723421337,0.3477617712603888,0.4036498651555614,-0.22656780580378227,0.13615823285629336,-2.581051478832614,-0.06957530360565985,0.21268231623600148,-3.4147253469199925,-0.1573512755277165,0.12328825522619473,-2.4179145381468348,0.8008158048306981,18.140859171485147,0.3591408285148532
0500000US45049,43,AICc,bisquare,False,596411.3285739848,104582.87199551564,46.00699550419058,0.11139768500290542,-1.0072207073358277,-4.521318691951886e-05,0.37711284884714347,-0.851432112002089,-0.02955131955648103,0.2669178397669185,-0.30272072512581133,-0.08484239148922998,0.1172870165954626,-0.46790174036701804,0.07116628478769374,0.1930834942067922,0.5062822294540622,-0.023891419660296998,0.2953162954903145,-0.21770290299828202,0.15209358483930127,0.34910713803251925,0.5114462952816433,-0.234346544605684,0.14329902659445864,-2.5366332921907024,-0.06883533393919036,0.21505364904717744,-3.341155257975246,-0.14867338892926538,0.12437524601460097,-2.264600889333153,0.8117951904854367,19.614089389061384,-0.4140893890613846
0500000US45091,43,AICc,bisquare,False,592756.8986247525,348416.53741484357,41.0242397298544,0.10498587899637428,1.948821668655558,-0.0001053590845324351,0.33096231449693203,-2.2607351084370597,0.12250469244847294,0.20484532015693482,1.635195020135922,-0.29189273069193894,0.13947747046522674,-1.3536641121298527,-0.011899847239986194,0.17572224603148875,-0.0930203951213019,0.01745066196615134,0.2707691618517626,0.1734292638263685,-0.4295880314334754,0.33067085009510655,-1.5251204019716134,-0.1667122225694147,0.12712154579338292,-2.0341859498280384,-0.10850989240792054,0.13772880428853743,-8.223876982240574,-0.11890360857963886,0.1436110520693991,-1.5685542963172099,0.8276999526075186,20.920827921990707,-0.32082792199070553
0500000US45071,43,AICc,bisquare,False,554353.7991043848,272574.18886732723,44.97004261043118,0.09805201491221134,2.183444782353247,-7.829738745812911e-05,0.3331197572812593,-1.6691797805728668,0.10030340920285742,0.20275561319885194,1.3526507769124971,-0.16879701273536207,0.12914083795629333,-0.8454595899716049,0.011334028675017068,0.1701760204433458,0.091484913721451,-0.022519140236650553,0.2631484807751985,-0.23028232930086645,-0.30075983073326557,0.3142877412913676,-1.1234151062789077,-0.19639369642771762,0.14853528232432284,-2.050880200394339,-0.10371675392785566,0.13832844033364153,-7.826534162298191,-0.12476254373819129,0.12914310090637104,-1.83022884591856,0.8513960956184878,20.440687640072685,0.1593123599273163
0500000US45063,43,AICc,bisquare,False,584439.591303092,229462.48395671646,47.64983580562553,0.10372460679341425,1.7844939796774126,-7.97249713441773e-05,0.3210614045465501,-1.7634473833912365,0.02539898711600255,0.24780334233074683,0.28025419116498596,-0.09471301809366725,0.1294037101806747,-0.4734287695972521,0.012458385966601536,0.16930068050055258,0.1010803220378713,-0.05229335529283766,0.2728784051876202,-0.5156879879349809,-0.3086175962919864,0.33267853837040623,-1.0890398436202804,-0.19040185305085855,0.15288591177657962,-1.9317284552468528,-0.09533747927788043,0.1782024649550248,-5.584470581659141,-0.10531271521431777,0.1280633713548969,-1.5579311633316508,0.8665655999708081,21.546862961854565,0.8531370381454337
0500000US45061,43,AICc,bisquare,False,678334.4931688448,258630.58954742353,59.22997053356325,0.09548976752791777,0.3050414823822017,-0.0001267169836662862,0.33865068939215703,-2.6572908858922477,0.025472276656793247,0.25267022992566657,0.2756490915818684,-0.21339278386711485,0.1275496220573962,-1.0821619293938682,-0.19906971944288268,0.16076810730821656,-1.7008610847063623,-0.08694930076023846,0.25273188161633736,-0.925796934309171,-0.4806113351134721,0.3120970026022261,-1.8078079051470635,-0.2488383893486861,0.12929136647754988,-2.985315461011111,-0.0862990933064782,0.17369373701310956,-5.186258066039559,-0.002049748717970472,0.15008332010708877,-0.025873821651430196,0.838710585146563,18.587757510705853,0.01224248929414884
0500000US45055,43,AICc,bisquare,False,647288.5353559876,277913.385728418,55.5500333041041,0.09307650566939815,1.240743140173565,-0.00012197366342545614,0.3100639638993089,-2.7936436543307397,0.0445891435458098,0.24947291417317144,0.4887070549936379,-0.2433895330280855,0.1272547278700569,-1.2371423362680742,-0.14278316651733847,0.1555060446084882,-1.261227040599948,-0.07601360810376652,0.25507006289438633,-0.8019393671937737,-0.5202702483969289,0.31549062580147885,-1.9359333502970035,-0.21981787361542307,0.11824823567563406,-2.8834385933646227,-0.09434959405469528,0.16434302626859118,-5.992676106419694,-0.039832789244623405,0.14264861274505916,-0.5290120336311587,0.8487582115397017,20.96007021861427,-0.0600702186142712
0500000US45019,43,AICc,bisquare,False,707505.1955618554,111543.14074703939,51.529451821984765,0.0954290580294046,-1.640384043967383,-9.157458121248518e-05,0.3388157312879308,-1.9194093682188054,-0.03379391779300494,0.23663717676962792,-0.3904796866436709,-0.06997828246622605,0.10921068099719031,-0.41446690885775067,-0.023713669264491047,0.15499791142000158,-0.2101534149350431,-0.042172915978682654,0.24800473760022418,-0.4575971687874664,-0.11757398789688497,0.30601314802009366,-0.4510441265480859,-0.238340280882615,0.11939774562651008,-3.096304714501219,-0.0778564281182464,0.18400624065600596,-4.416660043797901,-0.15169137543933786,0.1186760687461708,-2.4215315010973075,0.7950558391906758,19.0221364358998,0.17786356410019977
0500000US45025,43,AICc,bisquare,False,686733.5460716415,311549.9689357803,59.58916628287822,0.0980915486903369,0.6324444006615807,-0.00013489669372673192,0.34001501208635615,-2.8174709620393736,0.05040144351495162,0.274258801349095,0.5024875195532748,-0.27507165048843263,0.14645859539163167,-1.2148500247081695,-0.21250309374074067,0.16633316297402445,-1.7548902064112133,-0.08013709861200995,0.2666847162693081,-0.8086212739418643,-0.5443883079802104,0.33355063401849006,-1.9159972796791118,-0.2520064595804498,0.12807888547199983,-3.0519436265125006,-0.0936062207271484,0.17431713863439466,-5.605271747675251,-0.006874432002798367,0.15784741702885002,-0.08250717668513209,0.8396952014945219,20.464179024229505,-0.8641790242295038
0500000US45007,43,AICc,bisquare,False,459236.5379646862,299052.097953115,53.476156313490236,0.0997316062727913,2.053829591857091,-5.9251991839562e-05,0.3517203052279315,-1.1963596263379397,0.15161168878141107,0.22063843609928613,1.8788598802115797,-0.2927410584356312,0.14844415834664607,-1.2755932878307397,-0.028889765232908832,0.18120576987396667,-0.21899567086135457,-0.06064397702130246,0.2729145521113669,-0.59795796669029,-0.2518490986936681,0.33101419927512715,-0.8931854641494773,-0.27549176909194834,0.15786642281637855,-2.7068315748150713,-0.10034362999476858,0.14584142915963863,-7.18192632866156,-0.14318963819252156,0.1326465129178556,-2.0450698190779755,0.8434175736855977,22.400376397236194,-0.4003763972361938
0500000US45041,43,AICc,bisquare,False,729380.2306299476,243730.16954477126,58.649904216274805,0.09554254497753616,-0.6392473607268438,-0.00012448522490435425,0.34147947679312124,-2.588865192304916,0.0015879285143566338,0.24716586764550416,0.01756650359167978,-0.16881278752127257,0.12041891553056476,-0.906780824815245,-0.16652179017502172,0.161477878041437,-1.4165163006572632,-0.07167434792745228,0.252578441190017,-0.7636197410082936,-0.3677790984580168,0.308097025160217,-1.4013525508034774,-0.2592375108087478,0.12838245120473166,-3.132092311122267,-0.08620155765741193,0.17896177049950066,-5.027903056582035,-0.05859146131359125,0.12529458835289542,-0.8859197863193141,0.8189083382479374,20.032821976283056,-0.23282197628305568
0500000US45045,43,AICc,bisquare,False,484337.33553185285,340239.38566796866,50.57631270425463,0.09966618996432763,2.0239383179294053,-7.437201489541998e-05,0.3416788749036135,-1.545779896068902,0.1453506744251683,0.2136309233349868,1.8603549398459702,-0.29274100966341815,0.13948852397672767,-1.3574904591349353,-0.023737771097436685,0.17695980618825505,-0.18425905645516377,-0.04146350536259516,0.26638991615106905,-0.4188494110343064,-0.3219501049187072,0.32557601665688607,-1.160871195041668,-0.2489201053983621,0.14693601564577377,-2.627689774629624,-0.10200284662009831,0.13957696779477555,-7.628349493055397,-0.13670828706017976,0.1339053433342729,-1.9341462924044912,0.8364466943221381,21.018465560562362,-1.3184655605623625
0500000US45083,43,AICc,bisquare,False,519085.91195855936,343947.89475145005,47.68787665408223,0.10002687206912086,2.014608818252347,-8.344053822312345e-05,0.33488420904984195,-1.769451497640633,0.13447463462857978,0.20685236185156883,1.7775538529847104,-0.27299267986092446,0.13314759200447973,-1.3262010992477413,-0.014735132815247656,0.17418211063406067,-0.11620211833581098,-0.025010562337393308,0.2617110820730946,-0.25716450120539497,-0.35276482345011095,0.31957619251195957,-1.2958619068016783,-0.22377848470321335,0.13959065996136708,-2.4865909133243753,-0.1035406310849925,0.13608821372711807,-7.941862131827112,-0.131281832386906,0.13427259141278078,-1.8522928246270836,0.834990767638513,21.406387494836004,1.6936125051639976
0500000US45075,43,AICc,bisquare,False,628197.1734898525,178100.53890874216,51.539223216199275,0.09562999007937553,-0.6549378733752063,-6.71733864725961e-05,0.32282560003181576,-1.477697409123643,-0.008720477792203276,0.24532128286715393,-0.09719589685469757,-0.11018264810374556,0.10900978887825097,-0.6537917041980067,-0.027698640868522025,0.15937178926406548,-0.2387319525975459,-0.05489670346984805,0.255308403042999,-0.5786165242479364,-0.06070121017647216,0.30057405222377326,-0.23707935262255903,-0.2443679105896827,0.12521619547618945,-3.0270949627764225,-0.07620309655019335,0.1848207807705978,-4.3038177107858555,-0.11489169440809037,0.11579587525529919,-1.8796973534001804,0.8247201618629348,19.271570286784684,-0.07157028678468436
0500000US45085,43,AICc,bisquare,False,666709.1875011893,231151.8551751757,57.23595058629411,0.0892500407241773,-0.11905463368802824,-0.00010927630943388486,0.3113842471453797,-2.492215637938965,0.007721434961287501,0.23489357761784885,0.08988138443584014,-0.1663860137320834,0.1134597632165568,-0.9485640091823777,-0.14577229020688362,0.14949221006130012,-1.3394297900061958,-0.08009192252477267,0.24111777392037073,-0.8938593110805386,-0.34707718384973935,0.29023878098944367,-1.403842845903669,-0.24663587795088715,0.11907292549275622,-3.212814147655838,-0.0841340112945284,0.16827391204504502,-5.218994673487712,-0.04924817166812593,0.1244332454962572,-0.749801092094687,0.8336379156670133,19.83660951593897,0.06339048406102776
0500000US45067,43,AICc,bisquare,False,760708.8777759495,250330.5666102225,58.946325640927924,0.09817170026919475,-0.7660270033304409,-0.00012888162180510284,0.3533078597066257,-2.5905616320031095,0.0006322747140967087,0.25382817204194347,0.006810968470192327,-0.1696924844058245,0.12313967474237172,-0.8913664920470018,-0.16995538199092788,0.1664609341674461,-1.4024459534544855,-0.06787537728032833,0.25895807193900666,-0.7053301994145855,-0.3745993128718018,0.31632228247624183,-1.3902248917327926,-0.26313336751648597,0.13179044426826084,-3.096951298353271,-0.08714296027439468,0.18321833407808863,-4.964727639822455,-0.06385675962899795,0.1274054102894067,-0.9495359045950473,0.8148852909644304,19.590039648509286,-0.49003964850928483
0500000US45047,43,AICc,bisquare,False,505793.71520932246,257874.87977243212,50.28058242468542,0.09550524925696925,2.0358682618767063,-5.9707962748199795e-05,0.3322851113027241,-1.276079131241979,0.11653868917445616,0.20698180143297576,1.5395040811565688,-0.19487518235727921,0.1364603560019598,-0.9237229480059899,-0.006722498324954975,0.1720379208151975,-0.05367475326681223,-0.05216124823066288,0.26152821573703466,-0.536709274427196,-0.21597002432894397,0.31405103053023314,-0.8073114719265372,-0.243721703616627,0.1485585317167302,-2.5447140102534194,-0.10200080711408886,0.1408749600788544,-7.55791236310846,-0.13705039849891607,0.12645574516495733,-2.0532135555058466,0.8554163638749542,20.951809133824327,0.048190866175673364
0500000US45087,43,AICc,bisquare,False,552877.2351877944,316916.15794158506,44.83526060758822,0.09908304167894971,2.087899216623851,-8.864986538193848e-05,0.3272037939610941,-1.9240483669324577,0.11789712397724454,0.19874217070876304,1.6220194590469945,-0.23127830016806394,0.12561878046950475,-1.190890997172482,-0.00308985537113548,0.1699611586952489,-0.024971924180348198,-0.013248415175922616,0.25821276640352175,-0.13806890932853436,-0.3621657035616446,0.3124667834352541,-1.3606653761746996,-0.1967146986664451,0.13559435134028652,-2.2502853259667024,-0.10480552330778577,0.133622790705104,-8.187205334282087,-0.12445376126012878,0.13240638824620432,-1.7807029271370853,0.8397183775343986,22.32145405766512,0.2785459423348797
0500000US45029,43,AICc,bisquare,False,640803.0450460104,114288.42801916746,47.60704548360502,0.10332592594802971,-1.4064815456427369,-6.580695659890495e-05,0.36081098414885787,-1.295234164887335,-0.029522332368262637,0.2524319652728712,-0.31977845138054434,-0.07005405516360926,0.10991043103083589,-0.41227411420609433,0.02903890333939761,0.16927507680253107,0.23564093149683057,-0.029133316360290856,0.26487074997526355,-0.2959822034247875,0.020729455986338453,0.3239130668454209,0.0751289477646972,-0.2298886255337848,0.12636882992405638,-2.8217588350059737,-0.07176678831779847,0.20039838863328657,-3.7381896925700815,-0.15052126914504596,0.11970636758813077,-2.382171388371689,0.7956745414635509,21.104893908596814,-0.7048939085968158
0500000US45065,43,AICc,bisquare,False,488480.8142807188,229887.60157107652,52.759315087794846,0.09116944312772429,1.7453193379521887,-5.296832587052386e-05,0.3141440658614916,-1.1974120431787847,0.10514481220098376,0.20245712702259944,1.4200304531255346,-0.17213125723466408,0.1322893551385631,-0.8416403332474367,-0.017105338036486385,0.1662369443316467,-0.1413408351276716,-0.06866370426012153,0.25599756291881565,-0.7217737335786433,-0.14355988075830092,0.3026567982864993,-0.556840128401035,-0.2593462577499896,0.1375166426133378,-2.9252776903056183,-0.1019797726965508,0.13910514967048826,-7.652491947589246,-0.13960858355648006,0.12063399893921889,-2.192475663903074,0.8633446165932108,17.69699357607388,-0.5969935760738778
0500000US45069,43,AICc,bisquare,False,730805.3289601417,307804.3435104656,60.660195937208414,0.09990242049813983,0.14900160631956016,-0.00013963889550320363,0.35388220295767203,-2.8022309041671236,0.036354023108809745,0.27068070224893104,0.3672299237984336,-0.23977001046187663,0.13952851626655116,-1.1115361317052563,-0.22995710083923748,0.16929477734744644,-1.865807366358473,-0.07795838925566635,0.2635040007188505,-0.7961324376970208,-0.5026522432927782,0.32644592233879094,-1.8076079654953787,-0.2648926160461061,0.1318783703742373,-3.1155781869506045,-0.09036117531592788,0.17878389958964402,-5.275765880086327,0.014937144800191779,0.16051727847379016,0.17629426661486394,0.8316732052377738,20.164570127030302,-0.06457012703030074
0500000US45001,43,AICc,bisquare,False,475155.8271751215,265909.75125735794,52.578811902784295,0.09584588669518225,1.9929363302933378,-5.712023129890538e-05,0.334728523340239,-1.2118628470567256,0.13114405405933688,0.2106734715128278,1.7020865164099728,-0.23493231994738922,0.14004772193514772,-1.0850716502464897,-0.020495329654275994,0.17395543880345227,-0.16183797496308466,-0.06207955281315665,0.263865339406947,-0.6331052411485596,-0.2155411111038074,0.3182261334117402,-0.7951373330985875,-0.26331443417740524,0.14865554448794321,-2.7474887873021516,-0.1013589591466683,0.14319347440928357,-7.388749871889441,-0.14069021452792457,0.12742713665486322,-2.0916757081005697,0.8527617542744447,21.694764619391787,0.5052353806082124
0500000US45033,43,AICc,bisquare,False,758652.2871057627,284862.73191514175,60.36094172211913,0.10236860585586093,-0.29125315359343684,-0.0001397688439853578,0.3719569929090965,-2.6685410052417136,0.020797871304267957,0.2690286399795168,0.2113796860242256,-0.21166457311572007,0.13458489387472,-1.0172871458521988,-0.2161240869972842,0.17313158840724663,-1.714708881696191,-0.07197993863522241,0.2668346148316938,-0.725903649891802,-0.4582911429365478,0.3297525005627337,-1.6315531872247664,-0.26800040954568216,0.1363875941556394,-3.0479157854099967,-0.0883745360160843,0.18614594582402796,-4.955706919345845,-0.003558949985193488,0.1560154324396213,-0.043216213349649014,0.8222947363354591,20.928567947596555,0.27143205240344415
0500000US45023,43,AICc,bisquare,False,594985.8027186543,317049.2717513178,40.158496535615306,0.10432508538597324,2.1258646726242976,-0.0001050776287128965,0.32937770262356586,-2.265542965505659,0.10941450601959972,0.20468407537546274,1.4616174746151465,-0.2573187704890767,0.13402699765841658,-1.2418549616442256,0.002246391388470419,0.175530420631134,0.017579097353888847,0.014589748645756297,0.27385362065472474,0.14336363300149405,-0.43230423063619194,0.33007686411622045,-1.5375252989129564,-0.15332316620218428,0.13315081815395355,-1.7861022346274875,-0.10834392256313688,0.14167092556579972,-7.982811482010869,-0.11800118975163862,0.1409737141668664,-1.5857715768492857,0.8359382713971535,20.895942547404285,-0.29594254740428383
0500000US45077,43,AICc,bisquare,False,451891.39446380065,340001.100586717,53.577508179272776,0.10165652483543168,2.0366926262037803,-6.50204830394944e-05,0.3556526675834214,-1.2983158424669061,0.16159039964847685,0.22438165533833443,1.9691150229644148,-0.3295202317774135,0.1509615354417872,-1.4119115087801806,-0.034989359384371574,0.18349519294391547,-0.26192372524331076,-0.05601791541235256,0.2758635206854905,-0.5464398257421,-0.29169411430935255,0.3365528878549885,-1.0174714086768297,-0.27773993015899323,0.157964631314583,-2.72722417426041,-0.10020163195922481,0.14503367901350114,-7.211705454529794,-0.14321083199788168,0.1357686960792976,-1.9983364315025125,0.8353828280631462,23.966985264227212,0.5330147357727881
0500000US45039,43,AICc,bisquare,False,598459.0523583688,284102.7902759889,41.72652749568414,0.10226470681174096,2.20476459858974,-0.00010560270338200123,0.31872841463713997,-2.3529380288937145,0.08045258118814232,0.21052420722009724,1.044914654019581,-0.19953663970380908,0.12307894436225536,-1.0486500690725185,0.004402791418974911,0.16818130986928412,0.03595952281512383,-0.006108682281927362,0.271169379836753,-0.06062008836116394,-0.4435377938222765,0.3242839961018841,-1.6056577702674737,-0.14870340883341038,0.13717989518058993,-1.6814069246938534,-0.10597100049795638,0.14989440516104105,-7.379614255368591,-0.11001305821546796,0.13431863755187748,-1.5516735065336984,0.8482701602838202,18.34695668714487,0.353043312855128
0500000US45011,43,AICc,bisquare,False,569070.1448821385,158970.76340570636,49.7805165680788,0.10189756205712092,0.0057563680665377774,-3.616171805981821e-05,0.33518150403732694,-0.7661701817663341,-0.015282700244474852,0.2555997702965459,-0.16348673246234066,-0.0912542509373892,0.12624227568220936,-0.4675628402595672,0.05017136168587984,0.17836054159974435,0.3863853442230786,-0.04882983508157084,0.28081112964367505,-0.4679297053712024,0.14595749446962417,0.3266078708524517,0.5246233575818553,-0.2556444080934478,0.14100897748296992,-2.81210743242815,-0.07715999975494936,0.19338953156360686,-4.164772716168171,-0.13685525579420374,0.1180001028175746,-2.197209561626563,0.8544925062681943,21.102154486033573,-0.7021544860335744
0500000US45081,43,AICc,bisquare,False,542477.6816992839,241182.02095662235,47.398405526010194,0.09500432403095684,2.036711437190066,-6.344021678832563e-05,0.324513050888016,-1.3883172709341622,0.08284390123574817,0.20538066844227829,1.1029196069269982,-0.12216802138403314,0.13286704305604097,-0.5947466007177235,0.013756464610867304,0.1685288747218456,0.11212334702637178,-0.042726007704477154,0.26161771077329565,-0.439475681828388,-0.20949255114424128,0.3129038865465224,-0.78596914563525,-0.21439454141905112,0.14787322790715057,-2.248881359933956,-0.10204532911598228,0.14133065893184033,-7.536831335322478,-0.12984516336993768,0.12414589641797714,-1.9814622086037363,0.8621425258520812,20.957112314659568,-0.15711231465956743
0500000US45037,43,AICc,bisquare,False,520096.795174658,215426.93154981852,51.2724110454811,0.09027967942886335,1.6248033046866128,-5.1459566636933856e-05,0.3084109247063961,-1.1849297583256853,0.07870393069965854,0.20311000097913173,1.0595171544509558,-0.11946604658577023,0.13010252635003025,-0.5939507848215887,-0.001792267601009134,0.1641820451105192,-0.014994801888870382,-0.06381033422446528,0.2556394319761257,-0.6716961372042114,-0.10087524986202105,0.299995392952367,-0.39474615426241183,-0.24635553019096632,0.13578180824644642,-2.8142527675165163,-0.10105388813973325,0.13754977542138377,-7.6687608038046395,-0.13792118796504715,0.11813295846095655,-2.211832800453233,0.8680774724417679,19.43148723554155,0.26851276445844974
0500000US45089,43,AICc,bisquare,False,727628.805023559,198843.67483289557,56.51437525080151,0.09248711674064039,-1.1302932773028147,-0.00011152866991419684,0.3241080249325387,-2.443728613470767,-0.018158671707621823,0.2350132259829909,-0.2112684524829906,-0.12202686077237136,0.1120709965976349,-0.7042938615539399,-0.10804691200321058,0.15409570352804247,-0.9631310153110413,-0.06326891495670009,0.24508485081730538,-0.6946780784392559,-0.2614348204998818,0.2976329531105912,-1.0311700410955287,-0.2539770099214637,0.12137616559558909,-3.2456625651280846,-0.08418162247497198,0.17607770575461176,-4.990510463959056,-0.11165934064874793,0.11407738146548524,-1.8543337399691284,0.8114278218316546,18.9180519589951,0.3819480410049003
0500000US45013,43,AICc,bisquare,False,634972.6771510207,61255.93913979413,46.043435855088546,0.10728052547079454,-1.5253819999026819,-6.309044346266089e-05,0.3763892963624034,-1.190371583646138,-0.03684135992933758,0.25859611380932795,-0.38954401583200376,-0.057456451750447474,0.11144221583982325,-0.3334884229503885,0.05812310408800599,0.17819028983389906,0.4480518810326074,-0.021173186511289334,0.2752319485202486,-0.2070127304737678,0.05917619894219749,0.33745278863262007,0.20586471427195835,-0.22377072051346256,0.12865121923503822,-2.6979365263892903,-0.07038091085779799,0.20746347462017845,-3.5411578431786834,-0.16100119055587295,0.12227978466641638,-2.494404076124816,0.7907675406907166,17.98848248069809,-1.3884824806980873
